CodiceScuola,Alunni,Hand,Classi,annoScolastico
RGEE832016,289,6,14,2021-2022
RGEE832027,172,6,9,2021-2022
CTEE85504P,225,8,12,2021-2022
CTEE816011,117,10,7,2021-2022
CTEE816022,88,8,5,2021-2022
CTEE816055,124,6,7,2021-2022
CTEE816066,70,5,5,2021-2022
CTEE816077,55,8,4,2021-2022
CTEE036017,256,21,13,2021-2022
CTEE03605B,155,21,10,2021-2022
CTEE814019,279,17,14,2021-2022
CTEE81402A,103,1,6,2021-2022
CTEE81403B,174,6,9,2021-2022
CTEE815015,176,23,10,2021-2022
CTEE815026,31,2,2,2021-2022
CTEE8AR01C,167,10,8,2021-2022
CTEE8AR04G,49,4,3,2021-2022
CTEE8AR06N,34,3,2,2021-2022
CTEE8AR07P,90,5,5,2021-2022
CTEE8AR08Q,44,2,2,2021-2022
CTEE8AR09R,84,3,4,2021-2022
CTEE8AS01N,228,7,11,2021-2022
CTEE8AS02P,72,3,5,2021-2022
CTEE81801L,257,18,13,2021-2022
CTEE81901C,52,7,4,2021-2022
CTEE81902D,112,9,7,2021-2022
CTEE81903E,25,0,2,2021-2022
CTEE81904G,68,5,4,2021-2022
CTEE81905L,38,2,3,2021-2022
CTEE830017,103,3,6,2021-2022
CTEE830028,180,10,10,2021-2022
CTEE830039,207,10,11,2021-2022
CTEE8AT01D,143,13,9,2021-2022
CTEE8AT02E,204,14,10,2021-2022
CTEE8AT03G,63,6,5,2021-2022
CTEE8AU019,42,3,3,2021-2022
CTEE8AU02A,79,2,5,2021-2022
CTEE8AU03B,95,6,5,2021-2022
CTEE8AU04C,55,6,5,2021-2022
CTEE8AU05D,95,3,6,2021-2022
CTEE8AU06E,29,2,2,2021-2022
CTEE8AV026,338,17,18,2021-2022
CLEE81903D,9,3,1,2021-2022
MEEE82601A,194,8,11,2021-2022
CTEE04201E,466,24,21,2021-2022
CTEE04301A,358,27,19,2021-2022
CTEE09001X,467,14,22,2021-2022
CTEE8A101T,212,11,11,2021-2022
CTEE8A201N,313,37,17,2021-2022
ENEE81901Q,38,6,3,2021-2022
ENEE81902R,61,8,4,2021-2022
ENEE81903T,229,13,13,2021-2022
AGEE820017,99,2,6,2021-2022
AGEE820028,102,0,7,2021-2022
AGEE820039,11,0,1,2021-2022
AGEE82004A,49,1,4,2021-2022
AGEE82005B,160,6,9,2021-2022
AGEE82006C,61,2,4,2021-2022
AGEE821013,162,5,9,2021-2022
AGEE821024,220,13,13,2021-2022
AGEE82202X,400,9,20,2021-2022
AGEE82402G,77,6,5,2021-2022
AGEE82405P,120,5,7,2021-2022
AGEE82406Q,102,6,7,2021-2022
AGEE82408T,47,0,4,2021-2022
AGEE855016,114,3,7,2021-2022
AGEE855027,218,8,10,2021-2022
AGEE855038,143,2,8,2021-2022
AGEE855049,122,3,6,2021-2022
ENEE826042,71,0,5,2021-2022
ENEE826053,59,3,4,2021-2022
TPEE01201P,327,18,17,2021-2022
TPEE01202Q,230,6,12,2021-2022
TPEE810012,219,15,13,2021-2022
TPEE81101T,111,13,7,2021-2022
TPEE81102V,280,8,14,2021-2022
TPEE81201N,174,14,11,2021-2022
TPEE81202P,41,3,3,2021-2022
TPEE81203Q,190,11,12,2021-2022
TPEE83401E,297,11,15,2021-2022
MEEE88505A,51,2,4,2021-2022
AGEE812018,74,3,5,2021-2022
MEEE83702T,26,1,2,2021-2022
MEEE83701R,89,6,6,2021-2022
PAEE82801Q,133,7,8,2021-2022
PAEE82006A,56,4,4,2021-2022
PAEE825029,33,2,3,2021-2022
PAEE81101A,310,16,18,2021-2022
PAEE84301T,136,5,9,2021-2022
PAEE84302V,291,7,16,2021-2022
MEEE88904L,33,1,2,2021-2022
AGEE84602C,78,2,5,2021-2022
AGEE84603D,90,2,6,2021-2022
AGEE84604E,226,4,15,2021-2022
ENEE80501T,125,6,9,2021-2022
ENEE80502V,26,0,2,2021-2022
SREE81401D,297,10,15,2021-2022
SREE81403G,64,0,4,2021-2022
SREE83001B,230,8,13,2021-2022
SREE83002C,82,7,5,2021-2022
SREE831017,303,15,15,2021-2022
SREE837016,84,5,5,2021-2022
SREE837038,198,11,11,2021-2022
SREE837049,81,8,5,2021-2022
SREE01301P,450,10,21,2021-2022
SREE01303R,176,6,10,2021-2022
SREE83301V,121,9,7,2021-2022
SREE83302X,83,5,5,2021-2022
SREE833031,156,11,9,2021-2022
SREE83401P,62,7,4,2021-2022
SREE83402Q,306,27,16,2021-2022
PAEE054019,473,36,25,2021-2022
PAEE055037,579,20,29,2021-2022
PAEE055048,30,2,2,2021-2022
PAEE10201D,129,10,6,2021-2022
PAEE10206P,346,21,19,2021-2022
PAEE83601P,415,25,23,2021-2022
PAEE84901R,123,8,7,2021-2022
PAEE84902T,75,5,4,2021-2022
PAEE84903V,218,20,13,2021-2022
PAEE86501P,121,5,9,2021-2022
PAEE8BA011,85,9,5,2021-2022
PAEE8BA022,243,23,13,2021-2022
PAEE83702G,131,8,8,2021-2022
PAEE83703L,121,3,7,2021-2022
MEEE82402Q,78,6,5,2021-2022
MEEE82503L,86,4,7,2021-2022
MEEE82504N,54,2,5,2021-2022
MEEE82505P,130,7,7,2021-2022
MEEE827016,131,6,9,2021-2022
MEEE82706B,178,12,12,2021-2022
MEEE88102X,271,20,17,2021-2022
MEEE881042,29,1,2,2021-2022
MEEE898018,205,8,11,2021-2022
MEEE898029,37,1,3,2021-2022
MEEE89803A,135,5,7,2021-2022
MEEE89804B,36,0,2,2021-2022
MEEE89805C,29,4,2,2021-2022
MEEE89806D,73,2,5,2021-2022
MEEE899014,79,5,5,2021-2022
MEEE899025,105,4,7,2021-2022
MEEE899036,300,6,15,2021-2022
ENEE82301B,197,12,11,2021-2022
ENEE82302C,72,3,5,2021-2022
ENEE824017,119,5,8,2021-2022
ENEE824028,120,4,8,2021-2022
MEEE87810D,7,0,1,2021-2022
PAEE812016,89,5,6,2021-2022
PAEE05701R,194,17,10,2021-2022
PAEE057051,260,7,14,2021-2022
PAEE83801A,146,9,8,2021-2022
CTEE044016,458,39,22,2021-2022
CTEE044027,377,32,19,2021-2022
CTEE04406B,117,7,5,2021-2022
CTEE81301D,332,27,15,2021-2022
CTEE045012,209,5,11,2021-2022
CTEE045023,342,15,16,2021-2022
CTEE04601T,368,9,16,2021-2022
CTEE04603X,133,5,8,2021-2022
CTEE82001L,212,18,12,2021-2022
PAEE850022,148,7,10,2021-2022
AGEE81203A,98,5,6,2021-2022
PAEE830083,21,2,2,2021-2022
PAEE839016,183,5,10,2021-2022
PAEE830072,24,0,2,2021-2022
PAEE81401T,227,7,12,2021-2022
MEEE83901C,137,3,9,2021-2022
MEEE83902D,155,4,11,2021-2022
CTEE04701N,238,20,14,2021-2022
CTEE04801D,170,3,10,2021-2022
CTEE04802E,108,4,7,2021-2022
CTEE04807Q,295,12,16,2021-2022
SREE86402G,51,1,4,2021-2022
AGEE826016,76,1,5,2021-2022
SREE86403L,19,0,2,2021-2022
TPEE81404C,125,8,8,2021-2022
CLEE82401V,67,1,5,2021-2022
CLEE82402X,89,4,5,2021-2022
PAEE8AF01D,317,5,18,2021-2022
PAEE8AF02E,16,1,2,2021-2022
AGEE85703X,31,2,2,2021-2022
ENEE81503E,134,10,10,2021-2022
CTEE82101C,39,2,3,2021-2022
CTEE82103E,142,10,8,2021-2022
TPEE81301D,178,4,10,2021-2022
TPEE81302E,53,3,5,2021-2022
AGEE82605A,78,1,5,2021-2022
AGEE82606B,9,1,1,2021-2022
CTEE822018,208,17,11,2021-2022
CTEE822029,44,3,2,2021-2022
CTEE82203A,59,4,3,2021-2022
CTEE82204B,19,2,2,2021-2022
CTEE823025,161,9,10,2021-2022
CTEE823036,30,0,1,2021-2022
CTEE823047,86,1,5,2021-2022
CTEE82502R,38,4,2,2021-2022
CTEE82503T,148,17,8,2021-2022
CTEE82505X,96,13,5,2021-2022
CTEE825061,79,8,5,2021-2022
CTEE825072,51,4,4,2021-2022
CTEE825083,88,3,5,2021-2022
CTEE8AX01R,131,7,8,2021-2022
CTEE8AX03V,229,20,12,2021-2022
CLEE00106C,463,20,23,2021-2022
CLEE82101B,245,22,14,2021-2022
CLEE822017,82,10,5,2021-2022
CLEE822028,48,3,5,2021-2022
CLEE822039,73,9,5,2021-2022
CLEE82204A,79,17,5,2021-2022
CLEE82501P,86,11,6,2021-2022
CLEE82502Q,243,14,15,2021-2022
CLEE828016,575,30,27,2021-2022
CLEE830016,268,10,14,2021-2022
CLEE830027,278,8,15,2021-2022
PAEE819011,123,5,10,2021-2022
AGEE85302G,53,1,4,2021-2022
AGEE827023,57,2,5,2021-2022
AGEE827034,87,5,5,2021-2022
AGEE827045,145,3,10,2021-2022
AGEE82801T,79,4,5,2021-2022
AGEE82802V,227,4,11,2021-2022
AGEE82803X,100,6,6,2021-2022
TPEE81801L,39,3,3,2021-2022
TPEE81802N,164,13,9,2021-2022
TPEE81803P,207,15,11,2021-2022
PAEE81705D,16,2,2,2021-2022
PAEE81001E,206,14,12,2021-2022
PAEE81003L,71,7,5,2021-2022
PAEE850011,54,2,5,2021-2022
CLEE81803N,83,2,6,2021-2022
PAEE84001A,154,4,10,2021-2022
CTEE853032,220,8,12,2021-2022
AGEE01102E,256,11,14,2021-2022
AGEE01104L,325,8,17,2021-2022
AGEE81502R,94,10,5,2021-2022
AGEE82902P,350,12,18,2021-2022
AGEE82903Q,121,14,7,2021-2022
AGEE83001T,426,23,23,2021-2022
SREE816015,137,2,8,2021-2022
SREE816026,134,8,8,2021-2022
PAEE063014,247,9,14,2021-2022
PAEE063047,268,16,16,2021-2022
PAEE8A401T,162,6,9,2021-2022
MEEE813018,139,5,10,2021-2022
MEEE830012,101,8,7,2021-2022
MEEE830023,39,5,3,2021-2022
MEEE830034,49,4,4,2021-2022
MEEE830056,114,3,7,2021-2022
MEEE834019,22,0,2,2021-2022
MEEE83402A,246,5,15,2021-2022
MEEE877039,167,4,10,2021-2022
PAEE86001G,57,5,3,2021-2022
PAEE86003N,196,13,9,2021-2022
PAEE86004P,200,6,10,2021-2022
PAEE86005Q,141,9,7,2021-2022
PAEE86101B,461,28,25,2021-2022
PAEE8BC01L,253,33,14,2021-2022
PAEE8BC02N,206,7,11,2021-2022
SREE81901L,149,3,8,2021-2022
SREE81902N,30,0,2,2021-2022
SREE81904Q,213,13,12,2021-2022
SREE823018,269,8,12,2021-2022
SREE823029,77,3,4,2021-2022
MEEE856038,66,0,4,2021-2022
MEEE856049,33,0,3,2021-2022
SREE86405P,13,1,1,2021-2022
CTEE80301V,69,6,4,2021-2022
CTEE803042,91,6,6,2021-2022
MEEE814069,35,1,4,2021-2022
PAEE8AH015,146,3,11,2021-2022
PAEE8AH026,144,3,11,2021-2022
PAEE10304C,253,7,12,2021-2022
PAEE10305D,102,1,6,2021-2022
PAEE842023,246,13,15,2021-2022
MEEE83801L,51,1,5,2021-2022
MEEE83802N,12,0,1,2021-2022
MEEE83803P,31,0,3,2021-2022
TPEE814019,117,6,7,2021-2022
TPEE81402A,155,5,9,2021-2022
TPEE81904G,114,1,6,2021-2022
TPEE81906N,117,10,7,2021-2022
TPEE81907P,109,4,6,2021-2022
PAEE820015,40,0,4,2021-2022
PAEE820026,56,1,5,2021-2022
MEEE886012,18,0,1,2021-2022
AGEE85201P,135,8,9,2021-2022
AGEE85202Q,140,2,8,2021-2022
TPEE02701C,435,38,25,2021-2022
TPEE02702D,92,13,6,2021-2022
TPEE815015,80,11,6,2021-2022
TPEE815026,182,6,10,2021-2022
TPEE815037,25,1,3,2021-2022
TPEE84101N,188,18,10,2021-2022
TPEE84102P,202,9,11,2021-2022
CTEE832031,60,1,5,2021-2022
CTEE832042,32,1,2,2021-2022
AGEE81501Q,121,9,6,2021-2022
PAEE81603G,73,1,5,2021-2022
MEEE881053,44,1,4,2021-2022
MEEE881075,24,1,2,2021-2022
CTEE008013,434,21,20,2021-2022
CTEE008068,289,13,15,2021-2022
CTEE01701T,562,26,28,2021-2022
CTEE028018,87,4,5,2021-2022
CTEE86201P,171,25,9,2021-2022
CTEE86203R,145,18,8,2021-2022
CTEE86301E,185,42,10,2021-2022
CTEE86303L,273,33,14,2021-2022
CTEE86401A,204,26,12,2021-2022
CTEE86402B,72,10,5,2021-2022
CTEE86403C,163,14,9,2021-2022
CTEE86701T,152,23,8,2021-2022
CTEE867041,66,8,5,2021-2022
CTEE867052,67,21,4,2021-2022
CTEE867074,70,11,5,2021-2022
CTEE867085,32,1,2,2021-2022
CTEE87501R,382,28,20,2021-2022
CTEE87502T,75,5,5,2021-2022
CTEE880018,122,17,7,2021-2022
CTEE880029,87,17,5,2021-2022
CTEE88003A,101,15,5,2021-2022
CTEE88004B,83,6,5,2021-2022
CTEE881025,30,1,2,2021-2022
CTEE881036,203,25,12,2021-2022
CTEE881047,174,23,11,2021-2022
CTEE881058,35,2,2,2021-2022
CTEE88501B,232,5,11,2021-2022
CTEE88503D,303,12,13,2021-2022
CTEE886017,15,0,1,2021-2022
CTEE886028,132,22,8,2021-2022
CTEE886039,329,24,18,2021-2022
CTEE887035,202,14,10,2021-2022
CTEE887046,72,10,5,2021-2022
CTEE887057,76,11,5,2021-2022
CTEE887079,141,8,7,2021-2022
CTEE89201E,316,21,16,2021-2022
CTEE894016,239,32,14,2021-2022
CTEE894027,91,6,5,2021-2022
CTEE894038,92,5,5,2021-2022
CTEE89601T,192,29,11,2021-2022
CTEE89602V,40,7,2,2021-2022
CTEE89603X,106,25,6,2021-2022
CTEE89701N,173,9,10,2021-2022
CTEE89703Q,107,6,6,2021-2022
CTEE89704R,119,9,7,2021-2022
CTEE89705T,202,17,11,2021-2022
CTEE89801D,195,16,9,2021-2022
CTEE89802E,90,14,5,2021-2022
CTEE89803G,130,14,9,2021-2022
CTEE89804L,100,0,5,2021-2022
CTEE89805N,60,0,2,2021-2022
CTEE89806P,60,0,2,2021-2022
CTEE899019,184,21,10,2021-2022
CTEE89902A,201,26,11,2021-2022
CTEE8A6011,521,34,26,2021-2022
CTEE8A6022,45,3,2,2021-2022
CTEE8A701R,263,23,15,2021-2022
CTEE8A801L,144,13,8,2021-2022
CTEE8A802N,463,21,21,2021-2022
CTEE8A803P,205,11,10,2021-2022
CTEE8A901C,850,39,36,2021-2022
CTEE8AB01N,115,4,6,2021-2022
CTEE8AB02P,78,5,5,2021-2022
CTEE8AB03Q,173,15,10,2021-2022
CTEE8AC01D,293,11,15,2021-2022
CTEE8AC02E,90,0,3,2021-2022
CTEE8AD019,185,28,10,2021-2022
CTEE8AD02A,318,48,15,2021-2022
CTEE8AE015,104,12,5,2021-2022
CTEE8AE026,96,5,5,2021-2022
CTEE8AE037,67,6,5,2021-2022
CTEE8AF011,186,21,11,2021-2022
CTEE8AF022,108,12,6,2021-2022
CTEE8AF033,125,16,8,2021-2022
CTEE8AG01R,72,4,4,2021-2022
CTEE8AG02T,313,25,16,2021-2022
CTEE8AH01L,99,10,5,2021-2022
CTEE8AH02N,110,9,5,2021-2022
CTEE8AH03P,205,9,10,2021-2022
CTEE8BB018,293,22,14,2021-2022
CTEE8BB029,99,11,6,2021-2022
ENEE82803L,217,5,13,2021-2022
AGEE819035,107,2,5,2021-2022
PAEE81702A,23,0,2,2021-2022
PAEE8AJ01A,323,7,16,2021-2022
PAEE8AJ02B,150,7,9,2021-2022
ENEE82802G,216,11,14,2021-2022
ENEE81801X,67,2,5,2021-2022
PAEE82901G,229,10,13,2021-2022
MEEE813029,16,0,1,2021-2022
MEEE81303A,55,1,4,2021-2022
RGEE80601N,78,2,5,2021-2022
RGEE80602P,30,1,3,2021-2022
RGEE80603Q,200,2,11,2021-2022
PAEE82301L,62,2,5,2021-2022
AGEE812029,105,2,6,2021-2022
PAEE812027,134,3,10,2021-2022
PAEE846019,447,17,23,2021-2022
PAEE84602A,93,1,5,2021-2022
PAEE8BD01C,133,4,10,2021-2022
RGEE01401N,399,18,20,2021-2022
RGEE80501T,109,8,7,2021-2022
RGEE816018,262,9,12,2021-2022
RGEE83601D,97,0,4,2021-2022
RGEE83602E,566,12,26,2021-2022
AGEE83204L,29,2,3,2021-2022
MEEE84204B,15,0,1,2021-2022
PAEE82305R,35,3,3,2021-2022
PAEE8A9011,401,22,24,2021-2022
PAEE8A9022,86,4,5,2021-2022
TPEE80901T,82,2,4,2021-2022
TPEE80903X,132,7,7,2021-2022
CLEE815025,167,5,10,2021-2022
ENEE81501C,126,4,8,2021-2022
ENEE81502D,86,4,6,2021-2022
ENEE82001X,69,4,4,2021-2022
ENEE820021,354,12,19,2021-2022
ENEE82101Q,242,6,14,2021-2022
ENEE82102R,93,4,6,2021-2022
TPEE03501B,228,10,12,2021-2022
TPEE03504E,341,12,17,2021-2022
TPEE831013,71,12,5,2021-2022
TPEE831024,421,16,22,2021-2022
TPEE83501A,174,10,10,2021-2022
TPEE83502B,150,3,9,2021-2022
TPEE83503C,42,3,4,2021-2022
MEEE857056,74,3,6,2021-2022
MEEE857067,25,0,2,2021-2022
AGEE83101N,98,2,5,2021-2022
AGEE83102P,144,2,8,2021-2022
AGEE83103Q,38,5,3,2021-2022
AGEE83104R,88,9,5,2021-2022
AGEE85801N,147,11,9,2021-2022
AGEE85804R,143,3,9,2021-2022
AGEE85901D,296,10,17,2021-2022
AGEE86101D,348,11,19,2021-2022
AGEE86102E,179,2,9,2021-2022
TPEE80501E,4,0,1,2021-2022
TPEE80504N,88,7,5,2021-2022
SREE86401E,97,4,6,2021-2022
PAEE8A501N,438,27,25,2021-2022
PAEE8A502P,274,15,15,2021-2022
MEEE83905L,23,1,2,2021-2022
MEEE83703V,60,1,5,2021-2022
CTEE82601G,71,3,4,2021-2022
CTEE82603N,95,3,5,2021-2022
CTEE82604P,165,6,10,2021-2022
CTEE82605Q,67,2,5,2021-2022
MEEE83808X,8,0,1,2021-2022
SREE82101L,176,9,9,2021-2022
SREE82102N,142,11,8,2021-2022
SREE82103P,101,4,5,2021-2022
SREE824014,346,30,19,2021-2022
SREE82501X,347,20,18,2021-2022
MEEE81603T,11,0,1,2021-2022
MEEE81604V,6,1,1,2021-2022
MEEE886056,20,2,2,2021-2022
MEEE835026,154,5,9,2021-2022
SREE86301P,310,14,15,2021-2022
SREE86302Q,223,7,11,2021-2022
MEEE84703D,12,0,1,2021-2022
MEEE83201N,114,2,8,2021-2022
MEEE816061,57,3,5,2021-2022
MEEE816072,105,8,6,2021-2022
MEEE83301D,137,9,8,2021-2022
ENEE818021,108,6,10,2021-2022
MEEE84705G,14,2,2,2021-2022
MEEE84706L,46,2,4,2021-2022
MEEE886067,11,0,1,2021-2022
PAEE84501D,66,3,4,2021-2022
PAEE84502E,46,1,3,2021-2022
PAEE84503G,121,3,7,2021-2022
CLEE01101T,538,28,29,2021-2022
CLEE014019,409,26,21,2021-2022
CLEE01402A,216,3,10,2021-2022
CLEE01403B,17,0,1,2021-2022
CLEE810011,145,3,9,2021-2022
CLEE810022,109,9,6,2021-2022
CLEE81101R,150,9,9,2021-2022
CLEE81102T,220,10,12,2021-2022
CLEE823013,205,9,11,2021-2022
CLEE823024,90,6,5,2021-2022
CLEE823035,185,10,10,2021-2022
CLEE824042,75,5,5,2021-2022
CLEE824064,172,3,10,2021-2022
CLEE82701A,204,15,11,2021-2022
CLEE82703C,106,9,6,2021-2022
CLEE831012,230,10,12,2021-2022
CLEE831023,204,5,10,2021-2022
CLEE83201T,109,5,6,2021-2022
PAEE84504L,45,0,3,2021-2022
PAEE862017,123,2,7,2021-2022
MEEE83302E,89,4,5,2021-2022
MEEE83303G,67,4,4,2021-2022
MEEE83304L,70,3,4,2021-2022
MEEE83305N,97,3,6,2021-2022
RGEE80102G,87,2,5,2021-2022
CTEE8A0067,225,11,13,2021-2022
CTEE8AY01L,58,3,4,2021-2022
CTEE8AY02N,158,4,7,2021-2022
CTEE8AY03P,32,1,3,2021-2022
CTEE8AY04Q,151,5,8,2021-2022
CTEE8AY05R,132,6,6,2021-2022
CTEE8AY06T,50,4,4,2021-2022
CTEE8AZ04G,96,8,5,2021-2022
CTEE8AZ05L,219,15,13,2021-2022
CTEE8AZ06N,74,4,5,2021-2022
CTEE8AZ07P,95,3,5,2021-2022
CTEE8AZ08Q,185,5,9,2021-2022
TPEE829024,144,5,9,2021-2022
MEEE844021,136,4,10,2021-2022
MEEE844054,69,3,5,2021-2022
PAEE82303P,46,5,5,2021-2022
PAEE81703B,50,1,5,2021-2022
CTEE8AJ02V,186,13,9,2021-2022
CTEE8AJ03X,189,17,9,2021-2022
CTEE8AJ041,206,11,10,2021-2022
MEEE835037,55,3,5,2021-2022
PAEE8AJ03C,28,2,2,2021-2022
CTEE828017,506,29,26,2021-2022
CTEE8A4019,332,27,18,2021-2022
CTEE8BA01C,273,19,14,2021-2022
CTEE8BA02D,143,6,8,2021-2022
AGEE83201D,135,5,8,2021-2022
AGEE83203G,83,5,5,2021-2022
MEEE84205C,56,6,5,2021-2022
PAEE8AH037,45,6,5,2021-2022
PAEE834013,316,11,18,2021-2022
RGEE80701D,212,7,10,2021-2022
RGEE80702E,114,4,7,2021-2022
RGEE83001E,161,3,9,2021-2022
RGEE83003L,140,0,8,2021-2022
MEEE83704X,58,2,5,2021-2022
AGEE805037,31,1,2,2021-2022
AGEE81001L,250,16,15,2021-2022
AGEE81002N,7,0,1,2021-2022
PAEE81002G,152,11,10,2021-2022
MEEE81804E,25,2,2,2021-2022
SREE83601A,289,19,15,2021-2022
SREE838012,139,6,8,2021-2022
SREE838023,89,7,5,2021-2022
SREE852018,276,17,15,2021-2022
ENEE82202L,286,15,18,2021-2022
ENEE82203N,138,7,9,2021-2022
ENEE82204P,158,5,10,2021-2022
PAEE81601D,133,4,8,2021-2022
PAEE81602E,115,5,7,2021-2022
MEEE886045,90,2,5,2021-2022
MEEE878035,9,0,1,2021-2022
MEEE878046,25,0,3,2021-2022
AGEE83303B,196,7,10,2021-2022
AGEE83304C,296,11,15,2021-2022
AGEE834015,380,18,20,2021-2022
AGEE848013,192,6,12,2021-2022
AGEE848046,108,7,6,2021-2022
AGEE848057,126,5,8,2021-2022
AGEE848068,46,7,3,2021-2022
CTEE808045,118,9,8,2021-2022
MEEE886078,15,0,1,2021-2022
CTEE83201V,155,2,9,2021-2022
CTEE83202X,97,3,5,2021-2022
MEEE81701G,11,1,1,2021-2022
MEEE81702L,41,1,4,2021-2022
MEEE81703N,62,2,5,2021-2022
MEEE81704P,75,2,5,2021-2022
MEEE81801B,232,10,13,2021-2022
MEEE81806L,9,0,1,2021-2022
MEEE81807N,12,0,1,2021-2022
MEEE81808P,26,1,2,2021-2022
MEEE81810T,6,0,1,2021-2022
MEEE84701B,40,0,4,2021-2022
AGEE826027,84,1,5,2021-2022
CTEE81201N,153,9,9,2021-2022
MEEE81805G,38,0,3,2021-2022
MEEE835048,6,0,1,2021-2022
MEEE83207X,22,0,2,2021-2022
CTEE80602B,225,9,10,2021-2022
CLEE80404R,56,3,5,2021-2022
PAEE839027,245,10,13,2021-2022
PAEE839038,48,1,3,2021-2022
TPEE04601T,210,2,13,2021-2022
TPEE04612A,225,7,13,2021-2022
TPEE049019,61,2,5,2021-2022
TPEE04906E,69,2,5,2021-2022
TPEE04908L,137,4,9,2021-2022
TPEE049162,152,7,9,2021-2022
TPEE816011,108,6,7,2021-2022
TPEE816022,96,3,6,2021-2022
TPEE81701R,62,8,5,2021-2022
TPEE81702T,80,2,5,2021-2022
TPEE81704X,74,12,5,2021-2022
TPEE817051,44,1,4,2021-2022
TPEE817062,37,2,3,2021-2022
TPEE82001L,79,7,5,2021-2022
TPEE82002N,117,8,7,2021-2022
TPEE82003P,66,7,4,2021-2022
TPEE82005R,27,3,3,2021-2022
TPEE82006T,64,3,4,2021-2022
TPEE82007V,56,3,4,2021-2022
TPEE82101C,64,5,5,2021-2022
TPEE82102D,79,5,5,2021-2022
TPEE82103E,78,5,5,2021-2022
TPEE82104G,69,2,5,2021-2022
TPEE82105L,198,11,11,2021-2022
TPEE82106N,135,16,8,2021-2022
TPEE83901N,193,7,10,2021-2022
TPEE83902P,251,8,12,2021-2022
TPEE83903Q,82,2,4,2021-2022
TPEE845011,217,11,11,2021-2022
TPEE845022,66,1,5,2021-2022
TPEE845033,82,3,5,2021-2022
TPEE845044,99,2,5,2021-2022
CTEE8AK01N,195,8,10,2021-2022
CTEE8AK02P,54,4,3,2021-2022
CTEE8AK03Q,74,1,5,2021-2022
CTEE8AK04R,64,3,5,2021-2022
CTEE83401E,271,14,16,2021-2022
CTEE83402G,345,16,15,2021-2022
CTEE8A301D,185,6,11,2021-2022
CTEE8A302E,180,14,10,2021-2022
CTEE8BC014,379,16,19,2021-2022
CTEE8BC025,164,8,8,2021-2022
CTEE8BC036,128,8,7,2021-2022
TPEE058025,263,10,14,2021-2022
TPEE05807A,194,10,11,2021-2022
TPEE05901X,264,6,14,2021-2022
TPEE059065,241,4,13,2021-2022
TPEE822018,174,8,10,2021-2022
TPEE83801T,193,4,11,2021-2022
TPEE83802V,12,1,1,2021-2022
TPEE83803X,11,1,1,2021-2022
TPEE838041,163,8,10,2021-2022
TPEE843019,162,4,9,2021-2022
TPEE844015,303,8,15,2021-2022
TPEE844026,177,13,10,2021-2022
CLEE81601X,197,8,10,2021-2022
CLEE816032,245,8,12,2021-2022
MEEE81605X,58,1,5,2021-2022
CTEE808012,83,2,5,2021-2022
CTEE808023,75,12,5,2021-2022
CTEE808034,57,3,4,2021-2022
SREE840012,167,13,10,2021-2022
SREE840023,110,7,6,2021-2022
SREE840034,99,1,5,2021-2022
SREE840045,99,3,5,2021-2022
SREE808027,139,6,7,2021-2022
AGEE83601R,168,8,10,2021-2022
AGEE83602T,187,6,11,2021-2022
AGEE83603V,112,5,8,2021-2022
MEEE82401P,85,9,6,2021-2022
MEEE822013,216,13,12,2021-2022
MEEE822024,45,4,3,2021-2022
MEEE851013,96,9,5,2021-2022
MEEE851024,63,8,5,2021-2022
MEEE851035,156,14,8,2021-2022
MEEE851046,108,9,6,2021-2022
MEEE851057,111,10,6,2021-2022
MEEE85902P,69,7,5,2021-2022
MEEE85903Q,227,12,14,2021-2022
MEEE86101N,9,0,1,2021-2022
MEEE86102P,39,3,4,2021-2022
MEEE86103Q,68,3,5,2021-2022
MEEE86104R,140,17,10,2021-2022
MEEE86105T,126,17,10,2021-2022
MEEE86106V,13,1,1,2021-2022
MEEE86202E,243,19,14,2021-2022
MEEE864015,107,12,8,2021-2022
MEEE864026,152,16,11,2021-2022
MEEE864037,62,9,5,2021-2022
MEEE865011,386,12,21,2021-2022
MEEE86601R,208,5,11,2021-2022
MEEE86602T,317,15,17,2021-2022
MEEE86701L,49,3,5,2021-2022
MEEE86703P,85,4,5,2021-2022
MEEE86704Q,159,10,9,2021-2022
MEEE86705R,180,11,10,2021-2022
MEEE869018,191,16,11,2021-2022
MEEE869029,83,6,6,2021-2022
MEEE86903A,58,9,5,2021-2022
MEEE871018,67,10,6,2021-2022
MEEE871029,34,3,3,2021-2022
MEEE87103A,22,1,2,2021-2022
MEEE87105C,50,2,4,2021-2022
MEEE87106D,19,1,2,2021-2022
MEEE87107E,83,4,6,2021-2022
MEEE87109L,50,3,3,2021-2022
MEEE872014,174,11,11,2021-2022
MEEE872025,116,7,8,2021-2022
MEEE872036,129,6,9,2021-2022
MEEE872047,107,5,7,2021-2022
MEEE872058,55,5,4,2021-2022
MEEE872069,56,3,5,2021-2022
MEEE873032,575,25,27,2021-2022
MEEE88203R,247,17,14,2021-2022
MEEE88701T,128,8,8,2021-2022
MEEE88702V,259,14,15,2021-2022
MEEE893015,230,19,14,2021-2022
MEEE894011,228,22,15,2021-2022
MEEE89601L,428,20,24,2021-2022
MEEE89701C,171,17,11,2021-2022
MEEE89702D,72,3,5,2021-2022
MEEE89703E,94,8,6,2021-2022
MEEE8AC018,59,2,4,2021-2022
MEEE8AC029,34,3,3,2021-2022
MEEE8AC03A,19,1,2,2021-2022
MEEE8AC04B,29,2,2,2021-2022
MEEE8AC05C,31,3,3,2021-2022
MEEE8AC06D,121,1,6,2021-2022
MEEE8AC07E,112,4,5,2021-2022
MEEE8AD014,97,6,6,2021-2022
MEEE8AD025,102,3,5,2021-2022
MEEE8AD047,45,4,4,2021-2022
MEEE8AD058,65,2,5,2021-2022
MEEE8AD069,45,2,4,2021-2022
MEEE8AD07A,17,4,2,2021-2022
MEEE8AD08B,4,0,1,2021-2022
MEEE8AD09C,46,2,4,2021-2022
MEEE8AD10E,43,6,5,2021-2022
MEEE8AE01X,168,6,11,2021-2022
MEEE8AE021,200,8,12,2021-2022
MEEE8AE032,118,10,7,2021-2022
PAEE81704C,108,3,7,2021-2022
MEEE88301E,52,2,4,2021-2022
MEEE88302G,33,1,3,2021-2022
MEEE88304N,241,10,14,2021-2022
MEEE8AA02N,274,10,15,2021-2022
MEEE8AA03P,220,10,11,2021-2022
MEEE8AB01C,139,13,9,2021-2022
MEEE8AB02D,180,5,9,2021-2022
MEEE8AB03E,31,1,2,2021-2022
MEEE8AB04G,35,1,3,2021-2022
CLEE82003N,80,0,5,2021-2022
CTEE83501A,162,13,10,2021-2022
CTEE83502B,72,5,5,2021-2022
MEEE88506B,31,2,3,2021-2022
CTEE860046,32,3,2,2021-2022
CTEE81101T,74,11,5,2021-2022
CTEE81103X,93,7,6,2021-2022
CTEE80901T,157,15,10,2021-2022
MEEE84702C,36,3,4,2021-2022
PAEE077012,416,17,22,2021-2022
PAEE077034,60,1,4,2021-2022
PAEE077067,65,1,4,2021-2022
PAEE077078,33,2,2,2021-2022
PAEE117017,121,12,8,2021-2022
PAEE117028,277,20,14,2021-2022
PAEE117039,328,21,16,2021-2022
CTEE836016,506,20,21,2021-2022
CTEE88201X,359,26,18,2021-2022
CTEE882021,34,2,1,2021-2022
CTEE88301Q,264,38,13,2021-2022
CTEE88801V,178,12,10,2021-2022
CTEE88802X,395,19,17,2021-2022
CTEE88901P,418,29,20,2021-2022
CTEE88902Q,101,7,5,2021-2022
CTEE89001V,509,19,25,2021-2022
MEEE84601G,88,3,6,2021-2022
MEEE84602L,83,5,6,2021-2022
RGEE02101R,349,14,17,2021-2022
RGEE809015,144,9,8,2021-2022
RGEE809026,113,2,6,2021-2022
RGEE809048,145,2,7,2021-2022
RGEE809059,104,2,5,2021-2022
RGEE810019,72,5,4,2021-2022
RGEE81002A,62,3,4,2021-2022
RGEE81003B,31,3,2,2021-2022
RGEE81005D,61,1,5,2021-2022
RGEE81007G,97,0,5,2021-2022
RGEE825013,270,6,13,2021-2022
RGEE825024,253,6,12,2021-2022
RGEE825035,105,5,6,2021-2022
RGEE825046,20,1,1,2021-2022
RGEE825057,67,1,3,2021-2022
RGEE825068,95,4,5,2021-2022
RGEE837019,248,14,13,2021-2022
MEEE835059,41,0,3,2021-2022
MEEE87604E,41,4,4,2021-2022
MEEE87605G,51,2,5,2021-2022
MEEE886089,6,0,1,2021-2022
PAEE84003C,45,0,4,2021-2022
PAEE85801G,205,3,12,2021-2022
PAEE85802L,153,9,10,2021-2022
PAEE85804P,77,3,6,2021-2022
PAEE85902C,465,29,26,2021-2022
PAEE85903D,31,2,2,2021-2022
PAEE86402X,66,6,5,2021-2022
PAEE864031,187,4,10,2021-2022
PAEE8A3012,527,25,26,2021-2022
MEEE849057,57,0,5,2021-2022
MEEE87809B,42,2,4,2021-2022
AGEE819046,99,3,6,2021-2022
CLEE82004P,37,3,3,2021-2022
PAEE862028,227,3,12,2021-2022
PAEE825018,88,3,6,2021-2022
RGEE80103L,79,1,5,2021-2022
AGEE80802N,92,2,5,2021-2022
MEEE835015,26,0,2,2021-2022
MEEE814058,10,0,1,2021-2022
CTEE837012,542,25,25,2021-2022
CLEE81801G,238,12,15,2021-2022
CLEE81901B,87,3,6,2021-2022
CLEE81902C,128,5,7,2021-2022
AGEE85301E,240,11,13,2021-2022
MEEE83403B,60,5,5,2021-2022
MEEE83404C,26,2,2,2021-2022
CTEE83901N,202,7,10,2021-2022
CTEE83903Q,108,3,5,2021-2022
ENEE062013,52,6,4,2021-2022
ENEE06214N,107,2,8,2021-2022
ENEE062223,94,4,6,2021-2022
ENEE82701P,27,2,2,2021-2022
ENEE82702Q,16,1,1,2021-2022
ENEE82703R,175,6,14,2021-2022
CLEE02101C,325,9,16,2021-2022
CLEE02103E,78,1,5,2021-2022
CLEE031013,180,5,9,2021-2022
CLEE031024,161,5,8,2021-2022
CLEE829012,125,0,7,2021-2022
CLEE829023,60,2,3,2021-2022
CLEE829034,226,7,10,2021-2022
ENEE80503X,78,5,6,2021-2022
MEEE837062,142,8,9,2021-2022
SREE85601G,294,16,17,2021-2022
SREE858017,376,32,20,2021-2022
SREE859013,233,6,13,2021-2022
SREE859024,16,0,1,2021-2022
SREE859035,12,1,1,2021-2022
MEEE81601Q,29,3,3,2021-2022
MEEE857078,72,3,5,2021-2022
MEEE842018,152,5,10,2021-2022
MEEE842029,98,6,7,2021-2022
TPEE83301P,87,4,5,2021-2022
TPEE83303R,176,12,9,2021-2022
TPEE83304T,120,7,6,2021-2022
SREE84101T,38,2,2,2021-2022
SREE84102V,394,18,20,2021-2022
SREE853014,397,25,21,2021-2022
SREE85501Q,172,9,10,2021-2022
SREE85502R,51,1,3,2021-2022
MEEE83206V,19,0,2,2021-2022
CTEE84101N,211,18,10,2021-2022
CTEE84103Q,183,17,10,2021-2022
CTEE8A5015,77,17,5,2021-2022
CTEE8A5026,250,26,14,2021-2022
CTEE8A5048,133,11,7,2021-2022
PAEE88202D,48,1,4,2021-2022
SREE85401X,140,10,8,2021-2022
SREE854032,228,8,12,2021-2022
PAEE00301C,198,11,12,2021-2022
PAEE00302D,168,9,10,2021-2022
PAEE012017,103,4,6,2021-2022
PAEE01205B,177,7,9,2021-2022
PAEE01207D,167,9,9,2021-2022
PAEE013046,445,19,22,2021-2022
PAEE013057,233,9,10,2021-2022
PAEE013068,71,0,4,2021-2022
PAEE01703C,298,22,16,2021-2022
PAEE01705E,212,15,11,2021-2022
PAEE019012,362,21,18,2021-2022
PAEE019034,256,15,13,2021-2022
PAEE020016,409,18,20,2021-2022
PAEE020027,426,20,20,2021-2022
PAEE02901L,543,16,25,2021-2022
PAEE02902N,231,8,12,2021-2022
PAEE03103P,200,6,10,2021-2022
PAEE03104Q,424,14,20,2021-2022
PAEE03201C,61,1,3,2021-2022
PAEE03206N,170,6,9,2021-2022
PAEE03207P,163,12,9,2021-2022
PAEE033018,95,4,5,2021-2022
PAEE033029,127,4,7,2021-2022
PAEE03304B,194,7,10,2021-2022
PAEE034058,372,20,19,2021-2022
PAEE034069,115,2,6,2021-2022
PAEE03407A,208,7,10,2021-2022
PAEE03408B,101,5,5,2021-2022
PAEE03701G,361,17,20,2021-2022
PAEE03703N,89,2,5,2021-2022
PAEE03709X,64,5,4,2021-2022
PAEE039017,378,21,21,2021-2022
PAEE039039,100,3,5,2021-2022
PAEE04001B,167,5,9,2021-2022
PAEE04007N,218,9,12,2021-2022
PAEE04008P,65,4,4,2021-2022
PAEE042013,329,17,17,2021-2022
PAEE042024,194,9,10,2021-2022
PAEE813012,171,8,10,2021-2022
PAEE813023,291,21,16,2021-2022
PAEE847015,189,6,10,2021-2022
PAEE847026,150,12,9,2021-2022
PAEE848011,114,4,9,2021-2022
PAEE848022,184,5,13,2021-2022
PAEE85101R,95,7,7,2021-2022
PAEE85102T,251,21,15,2021-2022
PAEE85201L,161,14,11,2021-2022
PAEE85202N,104,5,6,2021-2022
PAEE85301C,217,3,11,2021-2022
PAEE85303E,158,6,9,2021-2022
PAEE854029,232,16,13,2021-2022
PAEE85406D,71,4,5,2021-2022
PAEE85407E,187,9,11,2021-2022
PAEE855014,213,6,12,2021-2022
PAEE855025,115,4,8,2021-2022
PAEE85601X,348,18,19,2021-2022
PAEE869012,341,27,20,2021-2022
PAEE870016,322,29,20,2021-2022
PAEE871012,279,22,17,2021-2022
PAEE871023,71,8,5,2021-2022
PAEE87201T,107,4,5,2021-2022
PAEE87202V,109,5,5,2021-2022
PAEE87203X,135,10,8,2021-2022
PAEE87302P,278,10,16,2021-2022
PAEE87401D,319,22,19,2021-2022
PAEE877011,221,4,12,2021-2022
PAEE87801R,265,15,12,2021-2022
PAEE87901L,148,8,9,2021-2022
PAEE87902N,101,8,6,2021-2022
PAEE87903P,174,15,10,2021-2022
PAEE89001B,160,13,10,2021-2022
PAEE89002C,372,17,20,2021-2022
PAEE892013,63,3,5,2021-2022
PAEE892024,119,5,6,2021-2022
PAEE892035,424,20,20,2021-2022
PAEE892046,106,5,5,2021-2022
PAEE892057,209,4,10,2021-2022
PAEE89301V,158,18,10,2021-2022
PAEE89401P,263,3,10,2021-2022
PAEE89501E,395,4,19,2021-2022
PAEE897016,256,18,17,2021-2022
PAEE898012,158,4,9,2021-2022
PAEE898034,204,9,11,2021-2022
PAEE89901T,501,33,28,2021-2022
PAEE8A001E,187,12,12,2021-2022
PAEE8A002G,115,9,7,2021-2022
PAEE8A003L,134,11,8,2021-2022
PAEE8A101A,414,22,22,2021-2022
PAEE8A102B,199,15,12,2021-2022
PAEE8A2016,165,10,10,2021-2022
PAEE8AA01A,106,9,8,2021-2022
PAEE8AA02B,65,1,5,2021-2022
PAEE8AA03C,262,19,15,2021-2022
PAEE8AB016,166,13,11,2021-2022
PAEE8AB038,140,13,10,2021-2022
PAEE8AC012,355,11,21,2021-2022
PAEE8AC023,184,8,10,2021-2022
PAEE8AD01T,234,13,13,2021-2022
PAEE8AD02V,29,1,2,2021-2022
PAEE8AD03X,133,7,9,2021-2022
PAEE8AD041,95,0,4,2021-2022
PAEE8AD052,21,0,1,2021-2022
PAEE8AD063,137,7,9,2021-2022
PAEE8AK016,467,9,25,2021-2022
PAEE8AL012,620,17,28,2021-2022
PAEE8AM01T,473,12,23,2021-2022
PAEE8AM03X,155,6,10,2021-2022
PAEE8AN01N,352,8,17,2021-2022
PAEE8AP019,478,7,22,2021-2022
PAEE8AQ015,119,5,6,2021-2022
PAEE8AQ026,85,2,5,2021-2022
PAEE8AQ037,389,11,20,2021-2022
PAEE8AR011,154,4,10,2021-2022
PAEE8AR033,27,0,2,2021-2022
PAEE8AR044,86,1,5,2021-2022
PAEE8AR055,92,3,5,2021-2022
PAEE8AR066,231,5,11,2021-2022
PAEE8AS027,551,23,27,2021-2022
PAEE8AT012,295,22,17,2021-2022
PAEE8AT023,78,4,5,2021-2022
PAEE8AT034,135,9,7,2021-2022
PAEE8AU01T,175,5,10,2021-2022
PAEE8AU03X,288,12,16,2021-2022
PAEE8AV01N,220,10,13,2021-2022
PAEE8AV02P,103,6,7,2021-2022
PAEE8AX019,169,11,10,2021-2022
PAEE8AX03B,112,6,6,2021-2022
PAEE8AX04C,193,12,11,2021-2022
PAEE8AY015,212,6,12,2021-2022
PAEE8AY026,166,10,11,2021-2022
PAEE8AY037,102,8,6,2021-2022
PAEE8AZ011,70,6,4,2021-2022
PAEE8AZ022,243,26,15,2021-2022
PAEE8BB01R,176,3,9,2021-2022
PAEE8BB02T,213,9,11,2021-2022
PAEE8BB03V,174,12,10,2021-2022
AGEE83802D,98,4,6,2021-2022
AGEE83803E,29,4,3,2021-2022
AGEE83804G,138,5,8,2021-2022
AGEE83806N,94,4,5,2021-2022
AGEE84704A,27,1,2,2021-2022
AGEE84705B,167,3,11,2021-2022
AGEE84706C,208,12,12,2021-2022
AGEE84708E,64,3,4,2021-2022
AGEE850013,233,5,12,2021-2022
TPEE066013,194,15,11,2021-2022
TPEE066024,66,6,5,2021-2022
TPEE066068,43,0,3,2021-2022
TPEE82401X,117,5,7,2021-2022
TPEE824021,157,7,10,2021-2022
TPEE824032,99,11,6,2021-2022
PAEE81403X,71,8,5,2021-2022
PAEE88002T,136,9,8,2021-2022
PAEE88003V,240,6,14,2021-2022
PAEE8A7019,349,17,19,2021-2022
PAEE8A8015,271,7,14,2021-2022
PAEE8A8026,192,9,11,2021-2022
PAEE8AW02E,354,23,20,2021-2022
CTEE06701V,511,25,23,2021-2022
CTEE067042,70,5,5,2021-2022
CTEE06801P,337,24,17,2021-2022
CTEE06806X,110,12,6,2021-2022
CTEE06901E,329,28,15,2021-2022
CTEE06906Q,211,19,10,2021-2022
CTEE84201D,95,10,5,2021-2022
CTEE84202E,99,13,5,2021-2022
CTEE845011,217,14,12,2021-2022
CTEE845022,179,11,10,2021-2022
CTEE89301A,209,7,10,2021-2022
MEEE848017,67,1,5,2021-2022
MEEE848028,123,3,9,2021-2022
MEEE848039,25,2,2,2021-2022
MEEE84806C,138,4,10,2021-2022
MEEE849013,220,6,15,2021-2022
MEEE849035,10,1,1,2021-2022
CTEE83801T,231,12,10,2021-2022
CTEE83802V,269,5,12,2021-2022
CTEE83803X,165,3,9,2021-2022
PAEE83001Q,38,1,3,2021-2022
PAEE83002R,27,0,2,2021-2022
PAEE83003T,33,4,3,2021-2022
PAEE830094,67,1,5,2021-2022
TPEE80601A,98,4,6,2021-2022
TPEE80602B,71,8,5,2021-2022
TPEE80603C,135,11,9,2021-2022
TPEE80604D,49,2,4,2021-2022
MEEE814036,28,0,2,2021-2022
PAEE88101L,196,9,11,2021-2022
ENEE825013,21,0,2,2021-2022
ENEE825024,130,11,10,2021-2022
ENEE825035,134,12,10,2021-2022
ENEE825046,20,5,2,2021-2022
ENEE825057,66,6,5,2021-2022
ENEE82601V,189,5,11,2021-2022
ENEE82602X,188,4,10,2021-2022
CTEE82104G,129,7,7,2021-2022
ENEE810019,70,5,4,2021-2022
ENEE81002A,81,6,5,2021-2022
ENEE81003B,105,8,6,2021-2022
MEEE84401X,21,0,2,2021-2022
MEEE844076,86,4,6,2021-2022
MEEE844087,13,1,1,2021-2022
TPEE807027,38,0,4,2021-2022
PAEE820048,59,4,4,2021-2022
PAEE818015,29,1,4,2021-2022
PAEE818026,67,1,5,2021-2022
AGEE84001C,183,5,10,2021-2022
AGEE84002D,129,4,9,2021-2022
AGEE864011,228,4,11,2021-2022
AGEE864022,95,3,6,2021-2022
SREE853047,171,13,10,2021-2022
RGEE026021,134,8,9,2021-2022
RGEE026032,152,8,10,2021-2022
RGEE026054,70,3,5,2021-2022
RGEE811015,205,7,12,2021-2022
RGEE811026,138,7,8,2021-2022
RGEE81801X,267,5,15,2021-2022
SREE844019,184,4,10,2021-2022
SREE84402A,105,7,6,2021-2022
SREE845015,92,7,6,2021-2022
SREE845026,115,5,7,2021-2022
PAEE88201C,157,6,11,2021-2022
AGEE85101V,143,9,9,2021-2022
AGEE85102X,177,4,11,2021-2022
MEEE83806T,21,0,2,2021-2022
CTEE803053,139,6,10,2021-2022
AGEE863015,275,6,16,2021-2022
AGEE863037,86,4,6,2021-2022
AGEE863048,139,6,8,2021-2022
CTEE84203G,79,4,5,2021-2022
CTEE84205N,80,4,5,2021-2022
RGEE004024,471,14,21,2021-2022
RGEE009016,467,10,20,2021-2022
RGEE011016,307,12,16,2021-2022
RGEE011027,249,7,12,2021-2022
RGEE82001X,231,4,10,2021-2022
RGEE820021,173,4,8,2021-2022
RGEE82201G,94,0,5,2021-2022
RGEE82202L,217,4,10,2021-2022
RGEE824028,181,7,9,2021-2022
RGEE824039,192,6,11,2021-2022
RGEE83101A,184,2,10,2021-2022
RGEE833012,43,0,4,2021-2022
RGEE833023,33,2,3,2021-2022
RGEE833034,133,7,8,2021-2022
CTEE89101P,90,7,5,2021-2022
CTEE89103R,122,9,7,2021-2022
CTEE89104T,173,11,9,2021-2022
CTEE89106X,94,10,5,2021-2022
CTEE073016,220,4,11,2021-2022
CTEE073038,89,0,5,2021-2022
CTEE84701L,100,7,5,2021-2022
AGEE841018,261,6,12,2021-2022
AGEE841029,195,11,9,2021-2022
AGEE819024,162,4,10,2021-2022
ENEE816018,284,18,16,2021-2022
MEEE84603N,8,0,1,2021-2022
CLEE807037,57,2,4,2021-2022
AGEE856012,252,9,12,2021-2022
AGEE856023,212,11,10,2021-2022
AGEE85701T,85,5,5,2021-2022
AGEE85702V,199,5,11,2021-2022
CLEE81701Q,143,6,7,2021-2022
CLEE81702R,105,18,5,2021-2022
CLEE81703T,169,8,8,2021-2022
CTEE8AL01D,101,9,6,2021-2022
CTEE8AL02E,130,7,7,2021-2022
CTEE8AL03G,109,11,8,2021-2022
CTEE8AL04L,40,3,3,2021-2022
MEEE83204R,70,4,5,2021-2022
MEEE83205T,58,1,5,2021-2022
PAEE84004D,55,3,5,2021-2022
PAEE82804V,82,2,5,2021-2022
MEEE82002C,20,0,2,2021-2022
MEEE83506A,17,0,2,2021-2022
MEEE881086,53,1,5,2021-2022
MEEE874061,31,1,3,2021-2022
MEEE874072,218,7,11,2021-2022
SREE84801L,353,25,17,2021-2022
SREE85002N,13,2,1,2021-2022
SREE85004Q,365,14,19,2021-2022
SREE85101C,214,8,11,2021-2022
SREE85103E,85,1,4,2021-2022
TPEE807038,68,4,5,2021-2022
TPEE829013,105,12,6,2021-2022
TPEE829035,100,4,5,2021-2022
TPEE829046,83,4,6,2021-2022
TPEE829057,73,2,5,2021-2022
AGEE81701B,211,8,11,2021-2022
AGEE813025,88,5,6,2021-2022
CLEE02401X,51,4,3,2021-2022
CLEE024043,371,16,20,2021-2022
CLEE024054,129,8,9,2021-2022
CLEE02501Q,417,30,22,2021-2022
CLEE025083,54,4,3,2021-2022
PAEE81501N,235,9,12,2021-2022
CTEE80902V,86,10,5,2021-2022
MEEE85201V,75,1,5,2021-2022
MEEE85202X,65,5,5,2021-2022
MEEE852031,25,4,2,2021-2022
MEEE852042,77,4,5,2021-2022
MEEE852053,101,8,6,2021-2022
MEEE82602B,104,2,8,2021-2022
AGEE818017,181,10,10,2021-2022
AGEE818028,111,8,8,2021-2022
CTEE84801C,466,7,20,2021-2022
CTEE84802D,113,5,6,2021-2022
CTEE8AM019,164,6,10,2021-2022
CTEE8AM02A,232,9,13,2021-2022
CTEE8AM05D,162,10,9,2021-2022
PAEE884014,213,6,12,2021-2022
PAEE884025,173,9,11,2021-2022
CTEE852036,401,9,18,2021-2022
CTEE86101V,248,7,12,2021-2022
CTEE86102X,173,8,9,2021-2022
MEEE877028,54,0,5,2021-2022
PAEE818037,46,1,5,2021-2022
CTEE80903X,99,9,6,2021-2022
MEEE84203A,57,4,4,2021-2022
MEEE84206D,21,1,2,2021-2022
MEEE878013,96,4,6,2021-2022
CTEE85301X,199,12,9,2021-2022
CTEE853043,147,12,8,2021-2022
MEEE84707N,41,4,4,2021-2022
MEEE81304B,54,2,5,2021-2022
TPEE809041,55,2,3,2021-2022
TPEE809052,68,3,4,2021-2022
TPEE809063,27,1,2,2021-2022
MEEE87901V,308,11,15,2021-2022
MEEE885049,176,12,10,2021-2022
CTEE087014,283,12,13,2021-2022
CTEE087025,152,6,8,2021-2022
CTEE087036,92,1,4,2021-2022
MEEE88903G,60,8,5,2021-2022
CTEE8A0056,53,4,4,2021-2022
MEEE83907P,82,3,6,2021-2022
MEEE83908Q,18,0,2,2021-2022
AGEE805015,48,1,3,2021-2022
CLEE807026,165,7,10,2021-2022
PAEE88102N,19,2,2,2021-2022
RGEE81401L,180,6,10,2021-2022
RGEE81402N,277,6,15,2021-2022
MEEE83507B,21,0,2,2021-2022
AGEE863026,103,0,9,2021-2022
PAEE88501X,187,10,11,2021-2022
PAEE885021,151,8,10,2021-2022
PAEE885032,70,5,5,2021-2022
MEEE85501A,172,4,10,2021-2022
AGEE80801L,233,13,13,2021-2022
CTEE85001C,276,9,15,2021-2022
CTEE85003E,86,4,5,2021-2022
MEEE81809Q,27,3,2,2021-2022
TPEE807016,177,13,11,2021-2022
MEEE06001V,118,5,9,2021-2022
MEEE06002X,74,6,5,2021-2022
MEEE060031,118,8,8,2021-2022
MEEE060053,72,6,5,2021-2022
MEEE060086,54,3,5,2021-2022
CTEE8AQ01L,89,6,6,2021-2022
CTEE8AQ02N,53,4,4,2021-2022
CTEE8AQ03P,69,2,5,2021-2022
CTEE8AQ05R,92,6,6,2021-2022
MEEE856016,180,5,10,2021-2022
AGEE813014,114,5,8,2021-2022
MEEE87403T,26,2,2,2021-2022
MEEE87404V,59,2,5,2021-2022
MEEE88902E,63,5,4,2021-2022
MEEE837051,48,3,4,2021-2022
AGEE034016,150,8,9,2021-2022
AGEE03406B,189,4,9,2021-2022
AGEE03407C,239,9,13,2021-2022
AGEE035012,303,10,15,2021-2022
AGEE84401Q,50,4,4,2021-2022
AGEE84402R,114,7,7,2021-2022
AGEE84403T,143,2,7,2021-2022
AGEE84501G,486,15,22,2021-2022
PAEE82503A,128,1,6,2021-2022
RGEE812011,384,13,20,2021-2022
RGEE81301R,188,5,10,2021-2022
RGEE81302T,46,1,4,2021-2022
RGEE81303V,28,0,3,2021-2022
RGEE81304X,271,8,14,2021-2022
RGEE82601V,339,7,18,2021-2022
PAEE8BD02D,34,2,3,2021-2022
PAEE819055,9,0,1,2021-2022
CTEE8AN015,237,25,12,2021-2022
CTEE8AN026,186,17,11,2021-2022
CTEE8AP01R,339,21,16,2021-2022
CLEE82001G,194,16,13,2021-2022
AGEE819013,152,4,9,2021-2022
MEEE83804Q,50,0,5,2021-2022
MEEE83805R,57,2,5,2021-2022
SREE80101B,47,4,2,2021-2022
SREE80102C,237,16,13,2021-2022
SREE802017,151,19,11,2021-2022
SREE802039,83,5,4,2021-2022
SREE80501P,111,14,7,2021-2022
SREE80503R,130,6,7,2021-2022
SREE80601E,328,23,17,2021-2022
SREE80701A,241,14,12,2021-2022
SREE80703C,108,4,5,2021-2022
SREE808016,245,18,13,2021-2022
SREE809012,303,16,15,2021-2022
SREE810016,105,8,6,2021-2022
SREE810027,104,6,5,2021-2022
SREE810038,53,5,3,2021-2022
SREE811012,161,4,8,2021-2022
SREE811023,219,8,11,2021-2022
SREE81201T,420,22,21,2021-2022
SREE81301N,267,9,13,2021-2022
SREE81302P,102,0,5,2021-2022
SREE82801B,248,19,12,2021-2022
SREE82802C,79,6,5,2021-2022
SREE82803D,94,5,5,2021-2022
SREE829017,357,12,16,2021-2022
SREE861013,364,18,19,2021-2022
SREE86201V,405,18,21,2021-2022
SREE817011,317,16,16,2021-2022
CLEE815014,285,8,14,2021-2022
SREE846011,172,5,9,2021-2022
SREE846033,144,9,8,2021-2022
MEEE87405X,140,8,9,2021-2022
ENEE062035,14,0,2,2021-2022
CLEE81904E,33,0,3,2021-2022
MEEE886023,187,6,10,2021-2022
MEEE886034,59,4,5,2021-2022
MEEE88609A,208,11,11,2021-2022
MEEE857012,81,5,6,2021-2022
MEEE857023,153,6,10,2021-2022
MEEE857034,40,1,3,2021-2022
MEEE857045,60,1,4,2021-2022
PAEE093032,311,6,17,2021-2022
PAEE093065,208,6,13,2021-2022
PAEE88601Q,81,2,5,2021-2022
PAEE88604V,86,3,5,2021-2022
PAEE88605X,105,11,7,2021-2022
PAEE886061,97,5,6,2021-2022
PAEE8A601D,190,6,11,2021-2022
PAEE10701L,269,20,15,2021-2022
PAEE88701G,417,13,20,2021-2022
MEEE87601B,101,1,6,2021-2022
MEEE87602C,69,6,5,2021-2022
MEEE87603D,126,9,10,2021-2022
MEEE877017,146,4,10,2021-2022
PAEE8AG019,425,23,24,2021-2022
MEEE89101D,175,4,10,2021-2022
MEEE89105N,41,2,4,2021-2022
MEEE891111,16,1,2,2021-2022
PAEE88801B,66,6,5,2021-2022
PAEE88802C,118,3,6,2021-2022
PAEE88803D,145,5,9,2021-2022
PAEE88804E,81,3,5,2021-2022
TPEE00301X,482,26,25,2021-2022
TPEE00401Q,272,20,14,2021-2022
TPEE00402R,80,14,6,2021-2022
TPEE00403T,156,9,9,2021-2022
TPEE82503T,99,3,5,2021-2022
TPEE82504V,94,4,5,2021-2022
TPEE825061,98,7,5,2021-2022
TPEE82601G,22,3,2,2021-2022
TPEE82602L,95,4,5,2021-2022
TPEE82604P,81,2,5,2021-2022
TPEE82605Q,87,2,5,2021-2022
TPEE836016,138,18,8,2021-2022
TPEE836027,127,25,8,2021-2022
TPEE836038,41,4,3,2021-2022
TPEE836049,92,4,5,2021-2022
TPEE84001T,169,12,10,2021-2022
TPEE84002V,63,3,5,2021-2022
TPEE84201D,117,23,8,2021-2022
TPEE84202E,77,20,6,2021-2022
TPEE84203G,73,3,5,2021-2022
PAEE83701E,110,3,6,2021-2022
CTEE857017,340,13,17,2021-2022
CTEE857028,112,1,5,2021-2022
CTEE081015,170,11,9,2021-2022
CTEE081026,47,2,2,2021-2022
CTEE081037,515,11,23,2021-2022
CTEE081059,192,15,10,2021-2022
CTEE858013,152,9,7,2021-2022
CTEE858024,112,5,6,2021-2022
MEEE816083,11,0,1,2021-2022
ENEE091013,131,6,9,2021-2022
ENEE091046,34,0,3,2021-2022
ENEE091057,86,0,6,2021-2022
ENEE09113L,64,0,5,2021-2022
MEEE814014,55,1,5,2021-2022
MEEE814025,16,0,2,2021-2022
MEEE83807V,23,0,2,2021-2022
PAEE89502G,37,1,4,2021-2022
TPEE837012,161,10,10,2021-2022
TPEE837045,154,10,9,2021-2022
MEEE82004E,98,6,6,2021-2022
ENEE817014,146,2,8,2021-2022
ENEE817025,110,3,7,2021-2022
ENEE817036,77,2,5,2021-2022
PAEE82802R,119,1,7,2021-2022
CLEE80403Q,139,9,9,2021-2022
CTEE85501G,143,8,8,2021-2022
CTEE85502L,38,3,2,2021-2022
CTEE85506R,94,7,5,2021-2022
MEEE82001B,166,9,10,2021-2022
PAEE812038,67,1,5,2021-2022
CTEE85601B,449,21,22,2021-2022
PAEE81604L,86,6,7,2021-2022
PAEE09501G,342,13,19,2021-2022
PAEE09503N,100,3,7,2021-2022
PAEE09504P,82,2,6,2021-2022
PAEE11301X,435,18,20,2021-2022
PAEE113021,292,11,13,2021-2022
AGEE826038,57,0,5,2021-2022
MEEE819028,87,3,5,2021-2022
MEEE819039,211,6,12,2021-2022
MEEE81905B,104,9,6,2021-2022
PAEE817019,160,6,10,2021-2022
CLEE80402P,53,1,5,2021-2022
ENEE82103T,10,1,1,2021-2022
ENEE82104V,152,10,11,2021-2022
TPEE81304L,58,7,5,2021-2022
RGEE03501P,230,6,13,2021-2022
RGEE035071,189,7,10,2021-2022
RGEE80202B,315,2,15,2021-2022
RGEE80203C,60,1,3,2021-2022
RGEE81501C,117,9,7,2021-2022
RGEE82701P,579,25,26,2021-2022
RGEE82801E,449,32,22,2021-2022
RGEE82901A,276,10,15,2021-2022
RGEE82902B,128,6,7,2021-2022
RGEE83401T,540,14,25,2021-2022
RGEE83402V,23,0,1,2021-2022
RGEE83501N,233,7,12,2021-2022
RGEE83502P,171,3,9,2021-2022
CTEE85902X,71,5,4,2021-2022
CTEE859031,139,9,8,2021-2022
CTEE08301R,291,10,15,2021-2022
CTEE860013,43,2,3,2021-2022
CTEE860024,45,4,4,2021-2022
CTEE860035,77,4,5,2021-2022
RGMM832015,328,6,13,2021-2022
CTMM85501E,147,8,8,2021-2022
CTMM81601X,381,23,20,2021-2022
CTMM814018,298,15,15,2021-2022
CTMM815014,347,21,22,2021-2022
CTMM8AR01B,260,13,12,2021-2022
CTMM8AS01L,210,14,11,2021-2022
CTMM81801G,355,16,18,2021-2022
CTMM81901B,153,9,8,2021-2022
CTMM830016,189,15,11,2021-2022
CTMM8AT01C,164,15,10,2021-2022
CTMM8AU018,157,9,8,2021-2022
CTMM8AV014,502,9,23,2021-2022
CLMM81902B,9,0,1,2021-2022
MEMM826019,147,6,8,2021-2022
CTMM095001,488,21,25,2021-2022
CTMM8A101R,409,30,15,2021-2022
CTMM8A201L,285,27,14,2021-2022
ENMM81901P,242,12,13,2021-2022
AGMM820016,311,16,17,2021-2022
AGMM821012,304,8,16,2021-2022
AGMM82201T,319,18,17,2021-2022
AGMM82401D,244,13,13,2021-2022
AGMM855015,325,12,16,2021-2022
ENMM82602V,99,1,6,2021-2022
TPMM810011,434,16,21,2021-2022
TPMM81101R,158,25,10,2021-2022
TPMM81201L,312,11,16,2021-2022
TPMM83401D,330,10,16,2021-2022
MEMM885026,27,0,2,2021-2022
AGMM812017,52,2,3,2021-2022
MEMM83702R,20,0,2,2021-2022
MEMM83701Q,67,3,4,2021-2022
PAMM82802Q,84,5,6,2021-2022
PAMM820036,24,0,2,2021-2022
PAMM825028,25,1,3,2021-2022
PAMM811019,217,14,11,2021-2022
PAMM84301R,300,11,17,2021-2022
MEMM88904G,19,0,2,2021-2022
AGMM84601A,266,5,15,2021-2022
ENMM80501R,126,1,7,2021-2022
SRMM81401C,208,9,11,2021-2022
SRMM83001A,217,15,12,2021-2022
SRMM831016,211,2,10,2021-2022
SRMM837015,267,8,13,2021-2022
SRMM83301T,398,31,19,2021-2022
SRMM83401N,499,19,26,2021-2022
PAMM06400T,711,40,32,2021-2022
PAMM83601N,162,20,9,2021-2022
PAMM84901Q,137,16,7,2021-2022
PAMM86501N,446,45,24,2021-2022
PAMM8BA01X,553,32,28,2021-2022
PAMM83701D,145,7,9,2021-2022
MEMM82401N,427,20,21,2021-2022
MEMM82501D,309,18,15,2021-2022
MEMM827015,326,8,16,2021-2022
MEMM88101T,151,16,9,2021-2022
MEMM898017,28,2,2,2021-2022
ENMM82301A,177,12,11,2021-2022
ENMM824016,201,9,11,2021-2022
PAMM812026,60,1,4,2021-2022
PAMM838019,460,33,22,2021-2022
CTMM10300P,664,57,32,2021-2022
CTMM81301C,183,10,10,2021-2022
CTMM099008,548,0,30,2021-2022
CTMM82001G,313,23,15,2021-2022
PAMM85001X,105,6,6,2021-2022
AGMM812039,97,4,6,2021-2022
PAMM83004T,42,0,3,2021-2022
PAMM839026,127,6,6,2021-2022
PAMM83003R,19,1,2,2021-2022
PAMM81401R,171,10,10,2021-2022
MEMM83901B,192,4,10,2021-2022
CTMM119008,537,27,28,2021-2022
SRMM86402E,38,1,3,2021-2022
AGMM826015,52,1,3,2021-2022
SRMM86403G,12,1,1,2021-2022
TPMM814029,63,2,3,2021-2022
CLMM82402V,96,5,6,2021-2022
PAMM8AF01C,207,8,11,2021-2022
AGMM85702T,29,1,2,2021-2022
ENMM81502C,82,7,6,2021-2022
CTMM82101B,84,2,5,2021-2022
TPMM81301C,151,6,8,2021-2022
AGMM826048,64,1,4,2021-2022
CTMM822017,199,16,10,2021-2022
CTMM823013,333,13,16,2021-2022
CTMM82501P,384,43,18,2021-2022
CTMM8AX01Q,196,16,11,2021-2022
CLMM82101A,356,25,19,2021-2022
CLMM822016,179,35,12,2021-2022
CLMM82501N,294,27,17,2021-2022
CLMM828015,368,15,18,2021-2022
CLMM830015,486,18,22,2021-2022
PAMM81901X,96,2,6,2021-2022
AGMM85302E,43,0,3,2021-2022
AGMM827011,173,4,9,2021-2022
AGMM82801R,256,12,12,2021-2022
TPMM81801G,265,16,13,2021-2022
PAMM81001D,185,6,10,2021-2022
PAMM850021,32,3,3,2021-2022
CLMM81804N,50,1,3,2021-2022
PAMM840019,100,3,6,2021-2022
CTMM85302X,99,4,6,2021-2022
AGMM81504T,511,22,21,2021-2022
AGMM82901L,267,25,14,2021-2022
AGMM83001R,437,8,20,2021-2022
SRMM816014,171,11,9,2021-2022
PAMM8A401R,378,24,20,2021-2022
MEMM813017,105,1,6,2021-2022
MEMM830011,197,9,10,2021-2022
MEMM834018,161,3,10,2021-2022
MEMM877038,87,5,5,2021-2022
PAMM86001E,334,21,16,2021-2022
PAMM86101A,348,36,17,2021-2022
PAMM8AG018,356,20,18,2021-2022
PAMM8BC01G,72,15,5,2021-2022
SRMM81901G,258,9,14,2021-2022
SRMM823017,191,9,9,2021-2022
MEMM856026,59,4,3,2021-2022
SRMM86404L,11,1,1,2021-2022
CTMM80301T,110,10,6,2021-2022
MEMM814057,32,2,3,2021-2022
PAMM8AH014,228,14,13,2021-2022
PAMM842011,365,22,20,2021-2022
MEMM83801G,84,4,6,2021-2022
TPMM814018,150,7,8,2021-2022
TPMM81901B,245,13,12,2021-2022
PAMM820014,88,2,6,2021-2022
AGMM85201N,204,7,11,2021-2022
TPMM815014,384,22,20,2021-2022
TPMM84101L,437,31,23,2021-2022
CTMM83202V,53,1,5,2021-2022
AGMM81501P,80,7,4,2021-2022
PAMM81602D,58,4,3,2021-2022
MEMM88102V,34,1,3,2021-2022
CTMM00300T,701,30,34,2021-2022
CTMM01300C,116,1,6,2021-2022
CTMM029002,580,16,28,2021-2022
CTMM86201N,197,34,11,2021-2022
CTMM86301D,352,64,19,2021-2022
CTMM864019,311,49,17,2021-2022
CTMM86701R,242,50,14,2021-2022
CTMM87501Q,261,28,14,2021-2022
CTMM880017,215,32,12,2021-2022
CTMM881013,307,56,18,2021-2022
CTMM88501A,342,9,15,2021-2022
CTMM886016,329,51,17,2021-2022
CTMM887012,321,34,17,2021-2022
CTMM89201D,216,15,11,2021-2022
CTMM894015,376,29,19,2021-2022
CTMM89601R,240,40,15,2021-2022
CTMM89701L,262,27,15,2021-2022
CTMM89801C,68,15,4,2021-2022
CTMM899018,211,43,11,2021-2022
CTMM8A601X,212,19,10,2021-2022
CTMM8A701Q,646,19,29,2021-2022
CTMM8A801G,609,33,29,2021-2022
CTMM8A901B,440,7,19,2021-2022
CTMM8AB01L,223,35,13,2021-2022
CTMM8AC01C,227,8,10,2021-2022
CTMM8AD018,258,40,12,2021-2022
CTMM8AE014,150,16,8,2021-2022
CTMM8AF01X,207,28,13,2021-2022
CTMM8AG01Q,228,24,13,2021-2022
CTMM8AH01G,215,29,10,2021-2022
CTMM8BB017,13,1,1,2021-2022
ENMM82802E,153,5,9,2021-2022
AGMM819034,71,1,3,2021-2022
PAMM8AJ019,327,9,17,2021-2022
ENMM82801D,125,9,7,2021-2022
ENMM81802X,43,2,3,2021-2022
PAMM82901E,148,5,8,2021-2022
MEMM813028,59,1,3,2021-2022
RGMM80601L,169,3,8,2021-2022
PAMM82301G,58,1,3,2021-2022
AGMM812028,61,3,3,2021-2022
PAMM812015,76,2,5,2021-2022
PAMM846018,351,17,17,2021-2022
PAMM8BD01B,93,5,5,2021-2022
RGMM80501R,79,5,5,2021-2022
RGMM816017,295,7,13,2021-2022
RGMM83601C,573,15,26,2021-2022
AGMM83202D,20,1,2,2021-2022
PAMM82303N,36,5,3,2021-2022
PAMM8A901X,328,11,15,2021-2022
TPMM80901R,144,7,7,2021-2022
CLMM815024,104,7,6,2021-2022
ENMM81501B,157,12,10,2021-2022
ENMM82001V,275,12,14,2021-2022
ENMM82101P,217,7,12,2021-2022
TPMM044004,601,18,29,2021-2022
TPMM831012,213,11,11,2021-2022
TPMM835019,203,12,12,2021-2022
MEMM857033,82,5,6,2021-2022
AGMM83101L,338,9,18,2021-2022
AGMM85801L,218,13,12,2021-2022
AGMM85901C,237,8,12,2021-2022
AGMM86101C,301,7,14,2021-2022
TPMM80501D,55,5,3,2021-2022
SRMM86401D,66,1,4,2021-2022
PAMM8A501L,540,31,27,2021-2022
MEMM83902C,19,1,2,2021-2022
MEMM83703T,34,1,3,2021-2022
CTMM82601E,241,14,12,2021-2022
SRMM82101G,312,18,16,2021-2022
SRMM824013,313,24,16,2021-2022
SRMM82501V,182,9,9,2021-2022
MEMM81601P,10,0,1,2021-2022
MEMM886033,14,0,1,2021-2022
MEMM835014,87,3,6,2021-2022
SRMM86301N,310,24,15,2021-2022
MEMM84703C,7,1,1,2021-2022
MEMM83201L,91,4,6,2021-2022
MEMM81604T,84,8,6,2021-2022
MEMM83302D,83,6,4,2021-2022
ENMM818031,87,7,6,2021-2022
MEMM84705E,39,2,3,2021-2022
PAMM84501C,151,3,9,2021-2022
CLMM81001X,619,5,27,2021-2022
CLMM81101Q,264,13,14,2021-2022
CLMM823012,219,13,11,2021-2022
CLMM82401T,189,8,11,2021-2022
CLMM827019,261,16,14,2021-2022
CLMM831011,261,16,12,2021-2022
CLMM83201R,564,28,28,2021-2022
PAMM84502D,38,2,3,2021-2022
PAMM862027,72,5,5,2021-2022
MEMM83301C,197,8,10,2021-2022
RGMM80101D,75,1,5,2021-2022
CTMM8A0011,279,9,13,2021-2022
CTMM8AY01G,406,16,20,2021-2022
CTMM8AZ01B,374,18,18,2021-2022
TPMM829023,95,7,6,2021-2022
MEMM84401V,138,11,9,2021-2022
PAMM82302L,29,1,3,2021-2022
PAMM817029,27,3,3,2021-2022
CTMM8AJ01R,329,25,16,2021-2022
MEMM835025,31,3,2,2021-2022
PAMM8AJ02A,11,0,1,2021-2022
CTMM828016,284,19,15,2021-2022
CTMM8A4018,269,10,13,2021-2022
CTMM8BA01B,110,7,5,2021-2022
AGMM83201C,158,5,8,2021-2022
MEMM842039,35,2,3,2021-2022
PAMM8AH025,26,1,3,2021-2022
PAMM834012,261,12,12,2021-2022
RGMM80701C,223,6,10,2021-2022
RGMM83001D,183,3,9,2021-2022
AGMM805047,26,0,2,2021-2022
AGMM81001G,164,9,9,2021-2022
AGMM81002L,11,1,1,2021-2022
PAMM81002E,110,4,6,2021-2022
SRMM836019,179,10,9,2021-2022
SRMM838011,235,16,12,2021-2022
SRMM852017,240,7,12,2021-2022
ENMM82201E,390,17,19,2021-2022
PAMM81601C,202,8,11,2021-2022
MEMM886022,80,2,4,2021-2022
MEMM878023,35,0,3,2021-2022
AGMM833018,299,16,16,2021-2022
AGMM834014,310,20,16,2021-2022
AGMM848012,315,11,16,2021-2022
CTMM808022,100,2,6,2021-2022
MEMM886055,13,0,1,2021-2022
CTMM83201T,144,4,7,2021-2022
MEMM81701E,240,7,12,2021-2022
MEMM81702G,14,0,1,2021-2022
MEMM81803C,23,1,2,2021-2022
MEMM84701A,37,1,3,2021-2022
AGMM826026,49,2,3,2021-2022
CTMM81201L,110,5,6,2021-2022
MEMM81802B,52,1,3,2021-2022
CTMM806019,124,5,6,2021-2022
CLMM80403P,51,1,3,2021-2022
PAMM839037,180,13,10,2021-2022
TPMM05400P,505,14,23,2021-2022
TPMM81601X,363,21,16,2021-2022
TPMM81701Q,275,31,15,2021-2022
TPMM82001G,171,11,9,2021-2022
TPMM82101B,308,24,14,2021-2022
TPMM83901L,505,16,23,2021-2022
TPMM84501X,116,8,6,2021-2022
CTMM8AK01L,245,12,12,2021-2022
CTMM83401D,412,19,19,2021-2022
CTMM8A301C,577,18,25,2021-2022
CTMM8BC013,16,4,1,2021-2022
TPMM822017,411,21,20,2021-2022
TPMM83801R,301,9,13,2021-2022
TPMM843018,404,14,20,2021-2022
TPMM844014,352,11,16,2021-2022
CLMM81601V,278,8,13,2021-2022
MEMM81603R,34,1,3,2021-2022
CTMM808011,125,9,6,2021-2022
SRMM840011,299,20,17,2021-2022
AGMM83601Q,318,14,17,2021-2022
MEMM82402P,54,3,3,2021-2022
MEMM822012,187,7,9,2021-2022
MEMM851012,231,22,14,2021-2022
MEMM85901L,90,11,5,2021-2022
MEMM86101L,170,25,9,2021-2022
MEMM86201C,200,15,10,2021-2022
MEMM864014,166,18,9,2021-2022
MEMM86501X,299,9,15,2021-2022
MEMM86601Q,253,8,13,2021-2022
MEMM86701G,417,17,20,2021-2022
MEMM869017,160,18,10,2021-2022
MEMM871017,176,24,10,2021-2022
MEMM872013,332,17,16,2021-2022
MEMM87301V,331,9,16,2021-2022
MEMM88201N,157,14,8,2021-2022
MEMM88701R,331,19,17,2021-2022
MEMM893014,705,28,33,2021-2022
MEMM89401X,450,7,22,2021-2022
MEMM89601G,245,8,12,2021-2022
MEMM89701B,226,27,12,2021-2022
MEMM8AC017,398,13,18,2021-2022
MEMM8AD013,301,19,15,2021-2022
MEMM8AE01V,279,14,15,2021-2022
PAMM81703A,71,3,4,2021-2022
MEMM88301D,267,10,14,2021-2022
MEMM8AA01G,315,10,16,2021-2022
MEMM8AB01B,296,13,14,2021-2022
CLMM82002G,67,4,4,2021-2022
CTMM835019,157,14,9,2021-2022
MEMM885037,24,0,2,2021-2022
CTMM81101R,154,13,8,2021-2022
CTMM80901R,106,11,7,2021-2022
MEMM84702B,28,3,2,2021-2022
PAMM09900R,970,47,49,2021-2022
CTMM836015,341,11,14,2021-2022
CTMM88201V,251,30,13,2021-2022
CTMM88301P,176,20,9,2021-2022
CTMM88801T,309,25,15,2021-2022
CTMM88901N,258,18,12,2021-2022
CTMM89001T,393,11,18,2021-2022
MEMM84601E,118,1,6,2021-2022
RGMM809014,355,8,16,2021-2022
RGMM810018,496,9,22,2021-2022
RGMM825012,479,14,20,2021-2022
RGMM837018,404,8,19,2021-2022
MEMM835047,24,0,2,2021-2022
MEMM87602B,44,4,3,2021-2022
MEMM886044,6,1,1,2021-2022
PAMM84002A,25,1,3,2021-2022
PAMM85801E,234,16,18,2021-2022
PAMM85901A,383,19,22,2021-2022
PAMM86401T,243,14,14,2021-2022
PAMM8A3011,190,18,11,2021-2022
MEMM849012,32,2,3,2021-2022
MEMM878034,45,2,3,2021-2022
AGMM819045,53,2,3,2021-2022
CLMM82003L,35,6,3,2021-2022
PAMM862016,175,8,9,2021-2022
PAMM825017,76,1,4,2021-2022
RGMM80102E,56,0,3,2021-2022
AGMM80802L,72,7,4,2021-2022
MEMM835036,15,0,1,2021-2022
MEMM814046,9,0,1,2021-2022
CTMM837011,332,17,14,2021-2022
CLMM81801E,144,9,7,2021-2022
CLMM81901A,142,4,7,2021-2022
AGMM85301D,160,2,8,2021-2022
MEMM834029,55,4,3,2021-2022
CTMM83901L,122,5,10,2021-2022
ENMM82701N,375,21,21,2021-2022
CLMM02400T,484,14,25,2021-2022
CLMM829011,348,17,17,2021-2022
ENMM80502T,54,3,3,2021-2022
MEMM83705X,87,3,6,2021-2022
SRMM85601E,231,15,12,2021-2022
SRMM858016,226,35,12,2021-2022
SRMM859012,245,12,14,2021-2022
MEMM81602Q,13,0,1,2021-2022
MEMM857044,41,3,3,2021-2022
MEMM842017,173,8,9,2021-2022
TPMM83301N,243,19,14,2021-2022
SRMM84101R,293,16,15,2021-2022
SRMM853013,199,15,10,2021-2022
SRMM85501P,147,15,7,2021-2022
CTMM84101L,250,14,12,2021-2022
CTMM8A5014,275,48,15,2021-2022
PAMM88202C,31,2,3,2021-2022
SRMM85401V,256,20,12,2021-2022
PAMM00700N,608,19,28,2021-2022
PAMM01500L,453,11,21,2021-2022
PAMM01900X,482,20,25,2021-2022
PAMM02300G,671,23,27,2021-2022
PAMM03600N,670,11,30,2021-2022
PAMM041005,669,24,35,2021-2022
PAMM05000X,941,23,41,2021-2022
PAMM138006,529,28,31,2021-2022
PAMM813011,240,11,11,2021-2022
PAMM847014,164,16,9,2021-2022
PAMM84801X,302,18,21,2021-2022
PAMM85101Q,202,31,12,2021-2022
PAMM85201G,209,17,12,2021-2022
PAMM85301B,143,11,7,2021-2022
PAMM854017,229,25,16,2021-2022
PAMM855013,206,11,12,2021-2022
PAMM85601V,243,22,12,2021-2022
PAMM869011,155,22,10,2021-2022
PAMM870015,154,21,9,2021-2022
PAMM871011,451,29,22,2021-2022
PAMM87201R,342,36,19,2021-2022
PAMM87301L,175,12,9,2021-2022
PAMM87401C,207,20,12,2021-2022
PAMM87701X,534,39,25,2021-2022
PAMM87801Q,444,14,21,2021-2022
PAMM87901G,254,22,14,2021-2022
PAMM89001A,354,25,18,2021-2022
PAMM892012,411,12,21,2021-2022
PAMM89301T,659,18,31,2021-2022
PAMM89401N,290,6,12,2021-2022
PAMM89501D,282,4,12,2021-2022
PAMM897015,135,21,10,2021-2022
PAMM898011,197,16,11,2021-2022
PAMM89901R,348,24,18,2021-2022
PAMM8A001D,217,25,12,2021-2022
PAMM8A1019,360,15,20,2021-2022
PAMM8A2015,419,20,27,2021-2022
PAMM8AA019,227,11,10,2021-2022
PAMM8AB015,152,14,8,2021-2022
PAMM8AC011,410,20,21,2021-2022
PAMM8AD01R,452,37,25,2021-2022
PAMM8AK015,457,13,25,2021-2022
PAMM8AL011,465,7,21,2021-2022
PAMM8AM01R,296,5,16,2021-2022
PAMM8AN01L,561,5,27,2021-2022
PAMM8AP018,439,4,20,2021-2022
PAMM8AQ014,371,15,18,2021-2022
PAMM8AR01X,213,11,10,2021-2022
PAMM8AS015,620,20,27,2021-2022
PAMM8AT011,352,26,17,2021-2022
PAMM8AU01R,274,20,15,2021-2022
PAMM8AV01L,581,34,30,2021-2022
PAMM8AX018,324,25,18,2021-2022
PAMM8AY014,223,25,12,2021-2022
PAMM8AZ01X,169,19,9,2021-2022
PAMM8BB01Q,488,25,28,2021-2022
AGMM83801B,303,13,15,2021-2022
AGMM847016,143,7,8,2021-2022
AGMM850012,279,11,15,2021-2022
TPMM07600G,204,13,12,2021-2022
TPMM82401V,276,13,14,2021-2022
PAMM88001Q,305,16,16,2021-2022
PAMM8A7018,179,8,10,2021-2022
PAMM8A8014,215,13,10,2021-2022
PAMM8AW01C,316,14,17,2021-2022
CTMM106006,771,41,35,2021-2022
CTMM84201C,107,26,6,2021-2022
CTMM84501X,308,26,16,2021-2022
CTMM893019,470,35,22,2021-2022
MEMM848016,211,10,11,2021-2022
MEMM849023,201,4,10,2021-2022
CTMM83801R,354,18,17,2021-2022
PAMM83002Q,55,1,3,2021-2022
PAMM83005V,51,0,3,2021-2022
TPMM806019,240,12,13,2021-2022
MEMM814035,35,0,3,2021-2022
PAMM88101G,157,2,9,2021-2022
ENMM825012,223,23,12,2021-2022
ENMM82601T,303,17,16,2021-2022
CTMM82102C,84,4,4,2021-2022
ENMM810018,211,16,10,2021-2022
MEMM84402X,99,3,6,2021-2022
TPMM807037,38,0,3,2021-2022
PAMM820025,50,1,3,2021-2022
PAMM818014,18,2,2,2021-2022
PAMM818025,48,2,3,2021-2022
AGMM84001B,228,6,12,2021-2022
AGMM86401X,222,15,12,2021-2022
SRMM853024,125,4,6,2021-2022
RGMM811014,281,11,13,2021-2022
RGMM81801V,357,12,16,2021-2022
SRMM844018,186,12,10,2021-2022
SRMM845014,124,4,7,2021-2022
PAMM88201B,108,2,6,2021-2022
AGMM85101T,208,2,10,2021-2022
MEMM83803N,14,2,1,2021-2022
CTMM80302V,99,8,6,2021-2022
AGMM805036,345,8,16,2021-2022
CTMM84202D,99,6,6,2021-2022
RGMM82001V,286,8,12,2021-2022
RGMM82201E,429,3,18,2021-2022
RGMM824016,203,7,9,2021-2022
RGMM831019,648,10,30,2021-2022
RGMM833011,453,16,20,2021-2022
CTMM89101N,324,36,16,2021-2022
CTMM84701G,296,9,14,2021-2022
AGMM841017,302,6,14,2021-2022
AGMM819023,129,4,6,2021-2022
ENMM816017,160,5,8,2021-2022
CLMM807025,38,3,3,2021-2022
AGMM856022,269,7,14,2021-2022
AGMM85701R,217,5,12,2021-2022
CLMM81701P,313,23,15,2021-2022
CTMM8AL01C,275,15,14,2021-2022
MEMM83203P,108,9,6,2021-2022
PAMM84004C,31,3,3,2021-2022
PAMM82804T,46,5,3,2021-2022
MEMM82003C,19,2,2,2021-2022
MEMM835069,15,0,1,2021-2022
MEMM88103X,31,1,3,2021-2022
MEMM87403R,125,4,8,2021-2022
SRMM84801G,198,8,9,2021-2022
SRMM85001G,304,11,15,2021-2022
SRMM85101B,174,8,9,2021-2022
TPMM807026,46,3,3,2021-2022
TPMM829012,237,20,12,2021-2022
AGMM81701A,148,12,9,2021-2022
AGMM813024,56,1,3,2021-2022
CLMM029001,680,47,32,2021-2022
PAMM81501L,178,2,9,2021-2022
CTMM80902T,67,8,4,2021-2022
MEMM85201T,188,5,10,2021-2022
MEMM82602A,75,2,5,2021-2022
AGMM818016,240,7,12,2021-2022
CTMM84801B,316,12,15,2021-2022
CTMM8AM018,268,16,13,2021-2022
PAMM884013,235,10,12,2021-2022
CTMM852013,259,4,11,2021-2022
CTMM86101T,306,13,14,2021-2022
MEMM877027,60,0,3,2021-2022
PAMM818036,38,0,3,2021-2022
CTMM80903V,59,8,4,2021-2022
MEMM842028,51,1,3,2021-2022
MEMM878012,58,3,3,2021-2022
CTMM85301V,181,12,10,2021-2022
MEMM84706G,19,2,2,2021-2022
MEMM813039,29,1,3,2021-2022
TPMM80902T,115,3,6,2021-2022
MEMM87901T,121,6,7,2021-2022
MEMM885015,193,8,10,2021-2022
CTMM064009,692,14,30,2021-2022
MEMM88903E,43,2,3,2021-2022
CTMM8A0022,25,2,2,2021-2022
MEMM83903D,55,2,3,2021-2022
AGMM805025,16,0,1,2021-2022
CLMM807014,131,11,7,2021-2022
RGMM81401G,295,6,12,2021-2022
MEMM83507A,12,1,1,2021-2022
AGMM863014,60,2,3,2021-2022
PAMM88501V,266,15,15,2021-2022
MEMM855019,132,7,7,2021-2022
AGMM80801G,191,9,10,2021-2022
CTMM85001B,259,21,13,2021-2022
TPMM807015,122,8,7,2021-2022
MEMM88901C,282,14,13,2021-2022
CTMM8AQ01G,189,10,10,2021-2022
MEMM856015,66,2,4,2021-2022
AGMM813013,97,3,6,2021-2022
MEMM87401P,64,3,3,2021-2022
MEMM88902D,40,0,3,2021-2022
MEMM83704V,64,1,4,2021-2022
AGMM054009,520,15,26,2021-2022
AGMM84401P,233,16,12,2021-2022
AGMM84501E,394,16,18,2021-2022
PAMM825039,82,3,5,2021-2022
RGMM81201X,249,9,13,2021-2022
RGMM81301Q,318,18,15,2021-2022
RGMM82601T,258,11,12,2021-2022
PAMM8BD02C,13,0,1,2021-2022
PAMM819054,8,0,1,2021-2022
CTMM8AN014,219,19,11,2021-2022
CTMM8AP01Q,244,12,12,2021-2022
CLMM82001E,172,12,9,2021-2022
AGMM819012,108,2,6,2021-2022
MEMM83802L,61,2,4,2021-2022
SRMM80101A,171,10,10,2021-2022
SRMM802016,164,22,9,2021-2022
SRMM80501N,52,6,3,2021-2022
SRMM80601D,253,22,12,2021-2022
SRMM807019,292,11,14,2021-2022
SRMM808015,235,8,12,2021-2022
SRMM809011,367,9,17,2021-2022
SRMM810015,90,9,6,2021-2022
SRMM811011,419,12,19,2021-2022
SRMM81201R,301,8,13,2021-2022
SRMM81301L,348,5,16,2021-2022
SRMM82801A,263,21,13,2021-2022
SRMM829016,241,7,11,2021-2022
SRMM861012,151,15,8,2021-2022
SRMM86201T,164,12,9,2021-2022
SRMM81701X,219,10,11,2021-2022
CLMM815013,179,11,9,2021-2022
SRMM84601X,238,17,13,2021-2022
MEMM87402Q,86,4,4,2021-2022
ENMM82702P,8,0,1,2021-2022
CLMM81903C,30,1,3,2021-2022
MEMM886011,339,13,17,2021-2022
MEMM857011,180,9,10,2021-2022
PAMM88601P,259,12,14,2021-2022
PAMM8A601C,581,22,29,2021-2022
PAMM88701E,433,23,21,2021-2022
MEMM87601A,220,15,10,2021-2022
MEMM877016,112,6,6,2021-2022
PAMM8AG029,100,6,6,2021-2022
MEMM89101C,138,5,7,2021-2022
PAMM88801A,322,18,18,2021-2022
TPMM82501P,729,30,36,2021-2022
TPMM82601E,184,8,9,2021-2022
TPMM836015,197,23,10,2021-2022
TPMM84001R,443,37,24,2021-2022
TPMM84201C,214,26,12,2021-2022
PAMM83702E,71,3,4,2021-2022
CTMM857016,252,9,11,2021-2022
CTMM06700R,662,14,31,2021-2022
CTMM858012,591,16,25,2021-2022
MEMM81605V,13,0,1,2021-2022
ENMM81801V,237,3,15,2021-2022
MEMM814013,24,1,2,2021-2022
MEMM814024,38,1,3,2021-2022
MEMM83804P,14,1,1,2021-2022
TPMM837011,232,29,13,2021-2022
MEMM82002B,77,4,5,2021-2022
ENMM817013,250,11,13,2021-2022
PAMM82803R,69,3,4,2021-2022
CLMM80401L,95,5,6,2021-2022
CTMM85502G,93,8,5,2021-2022
MEMM82001A,108,5,6,2021-2022
PAMM812037,50,0,3,2021-2022
CTMM85601A,385,12,18,2021-2022
PAMM81603E,63,4,4,2021-2022
PAMM12600X,561,33,36,2021-2022
AGMM826037,46,1,3,2021-2022
MEMM819016,322,13,17,2021-2022
PAMM817018,105,0,6,2021-2022
CLMM80402N,44,0,3,2021-2022
ENMM82102Q,105,14,7,2021-2022
ENMM82103R,9,0,1,2021-2022
TPMM81302D,38,2,3,2021-2022
RGMM802019,220,5,10,2021-2022
RGMM81501B,239,7,10,2021-2022
RGMM82701N,294,19,13,2021-2022
RGMM82801D,548,14,23,2021-2022
RGMM829019,249,23,12,2021-2022
RGMM83401R,442,11,21,2021-2022
RGMM83501L,93,8,5,2021-2022
CTMM85901T,155,15,8,2021-2022
CTMM860012,309,19,18,2021-2022
CTPS04401N,149,4,8,2021-2022
CTPC04401E,503,2,24,2021-2022
CTPM04000A,820,52,40,2021-2022
CTPS01000D,1606,6,71,2021-2022
CTRI03301C,234,13,10,2021-2022
CTSL00801B,330,46,16,2021-2022
CTTF033019,929,33,42,2021-2022
CTTN008018,437,15,20,2021-2022
CTTN008504,38,0,2,2021-2022
CTPC01000A,1015,13,44,2021-2022
CTTD18000C,912,35,51,2021-2022
CTTD18050T,77,0,4,2021-2022
CTRA01101X,78,12,5,2021-2022
CTRA011508,0,0,0,2021-2022
ENPM00801V,155,7,9,2021-2022
ENPM021019,176,2,12,2021-2022
AGPC010001,1073,3,46,2021-2022
AGPM03000A,1625,19,69,2021-2022
AGPS030009,1227,0,54,2021-2022
AGRC02301Q,475,43,26,2021-2022
AGTD09000R,732,3,36,2021-2022
AGTL02301D,153,9,8,2021-2022
AGTL02351V,144,0,6,2021-2022
AGRH02001D,134,0,15,2021-2022
ENRA00201C,81,8,5,2021-2022
ENRA00251T,0,0,0,2021-2022
TPPC009017,327,2,14,2021-2022
TPPM050001,888,24,38,2021-2022
TPPS00901A,711,2,31,2021-2022
TPTD02000X,796,32,37,2021-2022
TPTD020509,45,0,2,2021-2022
TPRA008014,270,12,13,2021-2022
TPRA00850C,0,0,0,2021-2022
PARH01101L,66,11,5,2021-2022
PARH011501,94,0,4,2021-2022
PAPM01802Q,42,0,4,2021-2022
AGRI024018,380,9,15,2021-2022
AGTF024015,434,9,16,2021-2022
SRPC070006,663,21,37,2021-2022
SRTD00901A,302,18,16,2021-2022
SRTD00903C,0,0,0,2021-2022
SRTD00951Q,0,0,0,2021-2022
SRTF00901L,627,21,35,2021-2022
SRTF009512,64,0,4,2021-2022
SRRH040018,20,0,2,2021-2022
SRRI022027,83,0,6,2021-2022
SRTL029023,9,0,1,2021-2022
SRPS02301R,792,21,42,2021-2022
SRRA02301A,277,39,19,2021-2022
SRTD02301L,199,8,11,2021-2022
SRTD023501,37,0,1,2021-2022
PAPC01000V,1546,56,72,2021-2022
PAPS03901P,1231,21,54,2021-2022
PARI010007,804,89,36,2021-2022
PARI01050L,148,0,6,2021-2022
PATD050008,932,43,52,2021-2022
PATD05050N,0,0,0,2021-2022
MEPC03401P,163,0,9,2021-2022
MEPS03401T,543,2,25,2021-2022
MERA01101P,116,16,7,2021-2022
MERA011503,111,0,4,2021-2022
MERI01101A,90,12,5,2021-2022
MERI01103C,80,0,5,2021-2022
METD08000A,405,17,22,2021-2022
METD08001B,84,0,7,2021-2022
METD08050Q,142,1,7,2021-2022
METF03000G,782,15,36,2021-2022
ENPS00201V,366,8,19,2021-2022
ENRA00202D,54,6,5,2021-2022
ENRA00252V,0,0,0,2021-2022
CTPS01601D,158,9,10,2021-2022
CTTF01601G,421,38,23,2021-2022
CTPM012017,193,14,11,2021-2022
CTRI01601P,114,13,6,2021-2022
CTTF012018,72,9,4,2021-2022
PAPM01401B,86,1,5,2021-2022
PARA01401X,129,5,7,2021-2022
PARH014014,108,12,6,2021-2022
PARH01450C,71,0,3,2021-2022
AGPC01701R,388,0,18,2021-2022
AGRI017015,171,5,8,2021-2022
AGRI01750D,80,0,4,2021-2022
AGTD01701Q,306,18,15,2021-2022
MERH024011,221,22,12,2021-2022
CTPC009017,337,12,18,2021-2022
CTPS00901A,412,2,18,2021-2022
CTRA00901X,37,6,3,2021-2022
CTRI00901G,69,2,4,2021-2022
CTRI00950X,0,0,0,2021-2022
CTTD011016,584,21,31,2021-2022
CTTD01151G,42,0,2,2021-2022
PAPM12000E,387,6,19,2021-2022
PARH001012,154,9,9,2021-2022
CTPC047012,728,4,35,2021-2022
CTPS04901R,855,12,38,2021-2022
CTRH004022,105,0,8,2021-2022
CTRI02401N,275,0,15,2021-2022
CTRI02402P,78,0,7,2021-2022
CTRI024502,141,0,6,2021-2022
CTSD04701G,116,16,7,2021-2022
CTSD04702L,49,0,4,2021-2022
CTTA00401L,166,13,10,2021-2022
CTTA004501,0,0,0,2021-2022
CTTD04901L,213,4,12,2021-2022
CTTD049512,56,0,3,2021-2022
CTTF004019,354,13,19,2021-2022
CLPC01301T,336,1,14,2021-2022
CLPC02000X,729,7,35,2021-2022
CLPM01401T,431,18,22,2021-2022
CLPS012015,150,10,8,2021-2022
CLPS01901X,1043,6,44,2021-2022
CLRH009013,415,36,23,2021-2022
CLRH00950B,94,0,4,2021-2022
CLRI01000N,613,36,30,2021-2022
CLRI010503,50,0,3,2021-2022
CLTA00901P,158,14,9,2021-2022
CLTD090005,700,21,36,2021-2022
CLTD090027,76,0,6,2021-2022
CLTD09050E,55,2,3,2021-2022
CLTE013018,674,11,28,2021-2022
CLTF012017,535,19,26,2021-2022
CLTF01251L,44,0,3,2021-2022
CLTF019012,89,0,5,2021-2022
AGTF02601R,277,10,16,2021-2022
AGPS002027,120,0,7,2021-2022
AGTD01801G,135,6,8,2021-2022
AGTD01850X,58,0,3,2021-2022
TPTL021017,85,14,5,2021-2022
TPTL02151L,73,0,2,2021-2022
PAPS02202A,143,5,8,2021-2022
CLRI01601N,53,5,4,2021-2022
AGPC001017,315,5,14,2021-2022
AGPS00101A,894,3,37,2021-2022
AGRA027014,97,0,5,2021-2022
AGRA02751D,168,0,8,2021-2022
AGTD02701A,780,40,32,2021-2022
SRPS150012,211,1,11,2021-2022
PAPM00401R,163,13,9,2021-2022
MEPS22000L,1059,16,49,2021-2022
MERA02401R,234,4,12,2021-2022
MERA024505,55,0,2,2021-2022
MERH024509,99,0,4,2021-2022
METD024013,101,11,5,2021-2022
PAPS00401Q,242,5,13,2021-2022
PARH00402E,430,80,26,2021-2022
PARH00450T,35,0,2,2021-2022
SRTF01101L,306,14,15,2021-2022
SRTF011512,78,0,4,2021-2022
MERA001014,56,12,5,2021-2022
PAPS007017,395,5,20,2021-2022
PARA00701R,122,10,8,2021-2022
PARA007516,0,0,0,2021-2022
TPPC00801B,96,5,6,2021-2022
TPRI00801Q,84,12,4,2021-2022
TPRM008017,65,6,4,2021-2022
TPTD00802B,208,15,10,2021-2022
PARA01851L,0,0,0,2021-2022
PARH01801B,122,7,9,2021-2022
PARH01850Q,24,0,1,2021-2022
AGRI026021,124,11,7,2021-2022
AGRI026508,64,0,4,2021-2022
AGPS002016,49,1,4,2021-2022
AGTD002012,103,1,5,2021-2022
TPPC032018,311,0,14,2021-2022
TPPM03201C,413,20,20,2021-2022
TPPS03201B,754,1,32,2021-2022
TPRC02101D,66,12,4,2021-2022
TPRH040003,617,53,30,2021-2022
TPRH040014,0,0,0,2021-2022
TPRH04050C,98,0,3,2021-2022
TPTD02101R,480,11,21,2021-2022
MEPM03401V,94,9,7,2021-2022
CTPC03000G,591,2,25,2021-2022
CTPC040006,1173,3,54,2021-2022
CTPC070002,667,2,30,2021-2022
CTPM020005,1163,28,51,2021-2022
CTPM03000Q,1399,42,65,2021-2022
CTPS017019,841,11,36,2021-2022
CTPS020004,1645,5,72,2021-2022
CTPS040009,2118,1,75,2021-2022
CTPS04001A,10,0,1,2021-2022
CTPS06000E,1697,4,67,2021-2022
CTRA03801X,297,53,17,2021-2022
CTRC03401G,175,27,9,2021-2022
CTRF043014,485,93,29,2021-2022
CTRF04350C,99,0,5,2021-2022
CTRH03000C,1340,142,67,2021-2022
CTRH03005N,79,0,6,2021-2022
CTRH03050T,186,0,9,2021-2022
CTRH060008,152,39,10,2021-2022
CTRH06050N,0,0,0,2021-2022
CTRI03801G,406,27,22,2021-2022
CTRM00701B,256,20,15,2021-2022
CTRM00750Q,0,0,0,2021-2022
CTSD02000E,927,68,45,2021-2022
CTSL01000A,373,51,19,2021-2022
CTSL01004E,60,0,4,2021-2022
CTSL01050Q,49,0,3,2021-2022
CTSL020001,284,22,13,2021-2022
CTTA03801Q,126,14,7,2021-2022
CTTA038504,65,0,3,2021-2022
CTTB01000A,594,10,25,2021-2022
CTTD02301C,117,3,5,2021-2022
CTTD03401V,460,16,23,2021-2022
CTTF01000G,1307,42,60,2021-2022
CTTF010501,232,0,11,2021-2022
CTTF01701B,191,11,10,2021-2022
CTTF02301P,192,15,10,2021-2022
CTTF03000R,602,33,31,2021-2022
CTTF030517,247,0,11,2021-2022
CTTF04301X,660,24,32,2021-2022
CTTF043508,76,0,4,2021-2022
CTTH007018,677,11,33,2021-2022
CTTH00750L,0,0,0,2021-2022
CTTL01701G,162,6,9,2021-2022
CTTL017511,0,0,0,2021-2022
CTTN02301A,532,14,24,2021-2022
PAPC002011,253,2,12,2021-2022
PAPM02201A,325,2,15,2021-2022
PARH00201T,490,18,24,2021-2022
PARH002506,69,0,3,2021-2022
PARI02201E,8,0,1,2021-2022
PARI02250V,0,0,0,2021-2022
PASD02202R,192,14,10,2021-2022
PASD022526,0,0,0,2021-2022
PATD022015,114,0,9,2021-2022
PATD02251E,0,0,0,2021-2022
ENRH00801G,207,17,11,2021-2022
PATF01301L,214,8,12,2021-2022
PATF013501,80,0,3,2021-2022
RGRH020038,208,15,12,2021-2022
PAPS03902Q,119,8,7,2021-2022
PATD03901E,25,5,2,2021-2022
RGPC00301G,490,2,25,2021-2022
RGSD003015,348,31,19,2021-2022
RGSD00350D,0,0,0,2021-2022
RGTD00301E,323,2,15,2021-2022
RGTD00350V,0,0,0,2021-2022
PARA014021,154,8,9,2021-2022
PARA014508,81,0,3,2021-2022
PAPS00901V,564,9,29,2021-2022
ENPM01101P,488,11,31,2021-2022
ENPM02102A,241,10,14,2021-2022
ENPS01000R,489,0,25,2021-2022
ENRH004018,419,40,32,2021-2022
ENRH00450L,10,0,1,2021-2022
ENTD021014,348,12,21,2021-2022
ENTD02151D,65,0,3,2021-2022
TPPM033018,20,1,1,2021-2022
TPRH033011,22,0,2,2021-2022
TPRH033022,919,92,44,2021-2022
TPRH03352B,138,0,5,2021-2022
TPTD02201L,42,0,2,2021-2022
TPTD02202N,415,14,20,2021-2022
AGRI024029,110,8,5,2021-2022
AGRI02452P,172,0,6,2021-2022
AGPM02000Q,871,15,40,2021-2022
AGRH02000C,446,15,20,2021-2022
AGRH02050T,143,0,6,2021-2022
SRPS150001,739,37,38,2021-2022
MEPS032038,60,1,5,2021-2022
SRPS028021,90,3,6,2021-2022
SRRI006018,20,3,2,2021-2022
SRTD00702Q,182,0,11,2021-2022
MERI033017,128,13,7,2021-2022
MERI03350G,0,0,0,2021-2022
METD03302V,350,11,19,2021-2022
ENRF008014,77,3,5,2021-2022
PAPS01701T,324,2,15,2021-2022
PATD01701N,193,10,10,2021-2022
PATD017513,44,0,3,2021-2022
CLPC018011,905,23,41,2021-2022
CLPS03000N,1118,13,50,2021-2022
CLRH003014,255,41,16,2021-2022
CLRH00350C,63,0,3,2021-2022
CLRI006013,309,17,20,2021-2022
CLRI00650B,0,0,0,2021-2022
CLSL00601P,152,11,10,2021-2022
CLTD003027,292,8,16,2021-2022
CLTD00352L,45,0,3,2021-2022
CLTF020005,653,15,33,2021-2022
CLTF02050E,64,0,3,2021-2022
CLTL006014,407,13,23,2021-2022
CLTL00651D,90,0,4,2021-2022
MEPS032027,509,6,23,2021-2022
CTPC00101L,605,0,31,2021-2022
CTPS05301C,1127,3,50,2021-2022
CTRA053012,176,24,11,2021-2022
CTRA05351B,47,0,2,2021-2022
CTRH010007,859,51,47,2021-2022
CTRH01050L,160,0,6,2021-2022
CTRI05301N,62,10,3,2021-2022
CTRI053513,0,0,0,2021-2022
CTSD03901L,409,31,20,2021-2022
CTTF039018,766,15,34,2021-2022
CTTF03951N,16,0,1,2021-2022
CTTD04902N,104,8,6,2021-2022
CTPM03001R,304,10,15,2021-2022
RGPC00201Q,614,2,28,2021-2022
RGRC00201B,268,20,14,2021-2022
RGRC00250Q,20,0,2,2021-2022
RGRI002014,203,8,9,2021-2022
RGRI00250C,26,0,2,2021-2022
AGPS08000A,308,11,16,2021-2022
SRPC02801R,152,1,9,2021-2022
SRPS02801X,780,2,42,2021-2022
SRRA00701C,10,0,1,2021-2022
SRRC00601G,524,54,29,2021-2022
SRRC00650X,118,0,4,2021-2022
SRSL01101B,210,20,12,2021-2022
SRTD00701P,209,0,12,2021-2022
SRTD007514,85,0,5,2021-2022
SRTL01101R,91,4,5,2021-2022
ENPC018019,692,16,40,2021-2022
PAPS011031,575,8,27,2021-2022
PAPS011507,0,0,0,2021-2022
MERC03201P,33,7,3,2021-2022
AGPC060002,631,7,32,2021-2022
AGRH01301A,303,34,15,2021-2022
AGRH01350P,81,0,4,2021-2022
AGRI011016,126,6,7,2021-2022
AGTD01301C,186,3,8,2021-2022
AGTD01351T,13,0,1,2021-2022
AGTL011017,652,15,27,2021-2022
AGTL01151L,20,0,1,2021-2022
CTPC00102N,258,0,13,2021-2022
MEPS008019,202,3,11,2021-2022
METD008015,241,9,14,2021-2022
CTRH01004B,127,19,9,2021-2022
PARI009014,70,4,5,2021-2022
PARI00950C,68,0,3,2021-2022
PATD00901P,141,19,9,2021-2022
TPPC02701R,462,0,22,2021-2022
TPPM03000Q,887,27,39,2021-2022
TPPS10000Q,932,2,38,2021-2022
TPRA01201Q,567,81,29,2021-2022
TPRA012504,71,0,3,2021-2022
TPRC02701C,320,19,15,2021-2022
TPTA01201G,179,8,10,2021-2022
TPTA01250X,82,0,3,2021-2022
TPTD03000E,663,20,29,2021-2022
TPTD03050X,77,0,3,2021-2022
TPTF027012,388,17,17,2021-2022
CTPS026014,1490,22,60,2021-2022
CTTF026016,256,8,11,2021-2022
TPPC024019,193,1,8,2021-2022
TPPS02401C,521,6,23,2021-2022
TPRI026019,406,29,19,2021-2022
TPTD02601X,530,6,22,2021-2022
TPTF01401X,949,17,41,2021-2022
TPTF014519,139,0,6,2021-2022
CLPC00701E,288,2,14,2021-2022
CLRA007017,130,6,7,2021-2022
CLRA00751L,69,0,3,2021-2022
CLTD00701D,188,7,10,2021-2022
CLTD00750T,0,0,0,2021-2022
AGPS008015,144,10,9,2021-2022
AGRC01601L,81,15,5,2021-2022
MEPC029017,533,2,24,2021-2022
MEPC031017,648,6,29,2021-2022
MEPM010009,857,50,45,2021-2022
MEPM01301T,498,10,25,2021-2022
MEPS009026,199,5,11,2021-2022
MEPS010008,1124,2,49,2021-2022
MEPS01301R,347,1,15,2021-2022
MEPS03000D,1530,9,64,2021-2022
MERC019018,1003,96,52,2021-2022
MERC01950L,30,0,1,2021-2022
MERI02701X,115,17,7,2021-2022
MESD03101R,497,58,28,2021-2022
META00901E,255,39,14,2021-2022
METD009011,329,45,20,2021-2022
METD037015,489,15,26,2021-2022
METD03751E,162,0,6,2021-2022
METF02701R,1211,44,54,2021-2022
METF027505,0,0,0,2021-2022
METH01000T,825,6,42,2021-2022
METL00901B,531,51,29,2021-2022
METL00951R,195,0,11,2021-2022
MERA01102Q,69,9,4,2021-2022
MEPC002017,338,0,16,2021-2022
MEPS00201A,319,1,14,2021-2022
MERC01601R,488,34,25,2021-2022
MERC016505,25,0,1,2021-2022
MESD01602Q,331,18,18,2021-2022
METD05000E,1068,21,50,2021-2022
METD05050X,0,0,0,2021-2022
METF020001,1656,13,69,2021-2022
CTSD05000A,68,12,5,2021-2022
CTTD210003,108,10,6,2021-2022
CTRH024016,96,0,5,2021-2022
MEPC00101B,231,3,15,2021-2022
RGPC01601N,269,0,12,2021-2022
RGPM00401G,998,13,45,2021-2022
RGPS01601R,587,1,25,2021-2022
RGRC00450B,57,0,3,2021-2022
RGRH020005,469,35,25,2021-2022
RGRH020016,105,6,5,2021-2022
RGRH02053N,26,0,2,2021-2022
RGRI00402R,18,0,2,2021-2022
RGSL01601N,316,7,15,2021-2022
RGTD021014,595,7,28,2021-2022
RGTD02150C,83,0,3,2021-2022
RGTL02101E,98,0,5,2021-2022
RGTL02151X,31,0,1,2021-2022
PAPC00801X,103,6,6,2021-2022
PAPS008024,243,6,11,2021-2022
PASD00801D,156,31,9,2021-2022
PASD00850T,78,0,3,2021-2022
CLPC00801A,365,2,17,2021-2022
CLRA008013,289,27,17,2021-2022
CLRA00850B,68,0,3,2021-2022
CLTD016018,326,10,19,2021-2022
CLTD01651N,287,0,10,2021-2022
AGTD02702B,157,8,9,2021-2022
MERC02401Q,29,5,3,2021-2022
CTRH05000N,1164,116,59,2021-2022
CTRH050503,60,0,3,2021-2022
ENPC019015,646,9,33,2021-2022
ENRF00601C,180,7,11,2021-2022
ENRF00650R,22,0,2,2021-2022
ENTD006012,162,0,10,2021-2022
CLPS00201E,741,13,36,2021-2022
CLRA002014,101,9,6,2021-2022
CLTD00201A,155,2,7,2021-2022
SRPC01601E,392,1,20,2021-2022
SRPM01601P,213,4,10,2021-2022
SRRI01601V,102,5,5,2021-2022
SRSD016014,123,12,7,2021-2022
SRSD01650C,0,0,0,2021-2022
SRTE016022,9,4,1,2021-2022
SRTL01601X,28,5,2,2021-2022
SRRH02101V,45,0,3,2021-2022
SRRI022038,30,0,3,2021-2022
MERI01102B,191,15,11,2021-2022
MERI01150P,52,0,3,2021-2022
SRPS014012,510,17,25,2021-2022
SRRA02101P,273,31,17,2021-2022
SRRA021514,172,0,7,2021-2022
SRTF014014,277,10,15,2021-2022
SRTF01451D,86,0,3,2021-2022
CTPS042023,146,18,9,2021-2022
CTTD04201T,64,5,4,2021-2022
SRPC00301C,192,9,9,2021-2022
SRRA003015,230,23,13,2021-2022
SRRA00353L,0,0,0,2021-2022
SRSL00301C,31,4,3,2021-2022
SRTF00301N,51,1,4,2021-2022
PARI010029,0,0,0,2021-2022
PAPC030004,1721,6,67,2021-2022
PAPC04000P,1134,4,50,2021-2022
PAPC09000Q,1145,4,50,2021-2022
PAPC100005,109,5,5,2021-2022
PAPC11000Q,995,6,43,2021-2022
PAPC12000A,276,6,14,2021-2022
PAPM010003,940,55,45,2021-2022
PAPM02000N,1060,35,49,2021-2022
PAPM023016,232,7,13,2021-2022
PAPM04000V,2204,73,90,2021-2022
PAPM07000P,1265,53,65,2021-2022
PAPM100009,1382,14,63,2021-2022
PAPS010002,1510,4,62,2021-2022
PAPS016012,611,7,27,2021-2022
PAPS02000L,1772,3,73,2021-2022
PAPS02601L,301,8,13,2021-2022
PAPS028018,35,1,1,2021-2022
PAPS029014,262,8,12,2021-2022
PAPS05000C,1161,6,50,2021-2022
PAPS060003,738,15,35,2021-2022
PAPS100008,1759,20,76,2021-2022
PAPS100019,180,0,7,2021-2022
PAPS10002A,0,0,0,2021-2022
PARA01601G,340,62,20,2021-2022
PARA01650X,50,0,2,2021-2022
PARC02301N,56,7,4,2021-2022
PARC03701G,279,33,15,2021-2022
PARC037511,68,0,3,2021-2022
PARC03801B,111,24,6,2021-2022
PARH01000Q,644,62,36,2021-2022
PARH01004X,147,0,12,2021-2022
PARH010062,81,0,6,2021-2022
PARH010505,166,0,5,2021-2022
PARH02000A,2356,168,114,2021-2022
PARH02050Q,137,0,7,2021-2022
PARH04101C,748,97,42,2021-2022
PARH04151T,0,0,0,2021-2022
PARI024027,876,86,44,2021-2022
PARI024038,0,0,0,2021-2022
PARI02701N,123,7,7,2021-2022
PARI02801D,572,36,29,2021-2022
PARI02802E,70,0,5,2021-2022
PARI02850T,0,0,0,2021-2022
PARI03601C,21,3,2,2021-2022
PASD033016,499,59,31,2021-2022
PASD03350E,58,0,3,2021-2022
PASL01000V,915,46,46,2021-2022
PASL03201R,567,72,34,2021-2022
PASL032505,0,0,0,2021-2022
PASL03801Q,85,9,4,2021-2022
PATA01601B,52,6,3,2021-2022
PATD023011,294,10,17,2021-2022
PATD02351A,124,0,6,2021-2022
PATD02901X,373,18,18,2021-2022
PATD029508,19,0,1,2021-2022
PATD03201Q,407,19,22,2021-2022
PATD032504,65,0,3,2021-2022
PATD03701V,412,29,23,2021-2022
PATD037518,69,0,3,2021-2022
PATD03801P,1014,39,46,2021-2022
PATD038514,84,0,4,2021-2022
PATF016014,676,26,31,2021-2022
PATF024013,133,16,8,2021-2022
PATF02701E,1118,43,59,2021-2022
PATF02750V,0,0,0,2021-2022
PATF02801A,219,9,10,2021-2022
PATF030009,1636,21,71,2021-2022
PATF03050P,111,0,5,2021-2022
PATH03601R,1140,21,54,2021-2022
PATH036505,80,0,2,2021-2022
PATL02601V,593,24,30,2021-2022
PATL026518,70,0,3,2021-2022
PATL033012,365,12,19,2021-2022
PATN01000Q,1047,8,57,2021-2022
PATN010505,100,0,4,2021-2022
AGPS02201B,433,15,21,2021-2022
AGRI02201L,132,4,7,2021-2022
AGRI022501,210,0,8,2021-2022
AGTF02201D,225,4,11,2021-2022
TPPM004018,170,11,10,2021-2022
TPTD004013,126,7,7,2021-2022
TPPM00201L,348,13,16,2021-2022
TPTD00202C,79,3,5,2021-2022
PAPS080008,1419,15,69,2021-2022
PARA021013,145,16,8,2021-2022
PARH021028,410,60,21,2021-2022
PARH02150G,178,0,6,2021-2022
PARI03401R,543,33,31,2021-2022
PARI034516,154,0,8,2021-2022
PATD09000P,660,15,41,2021-2022
PATD090504,46,0,3,2021-2022
PATF03401N,80,1,5,2021-2022
CTPC012013,271,7,15,2021-2022
CTPM01000E,968,29,45,2021-2022
CTPS03000P,901,3,39,2021-2022
CTRA016013,150,19,8,2021-2022
CTRA01650B,88,0,3,2021-2022
CTTD160007,603,29,30,2021-2022
CTTD16050L,105,0,5,2021-2022
MEPC060006,733,15,36,2021-2022
MERA023011,56,11,5,2021-2022
MERI02301L,167,14,11,2021-2022
METD023017,593,17,31,2021-2022
METD02351L,27,0,2,2021-2022
PATF01801Q,98,0,5,2021-2022
PATF018504,0,0,0,2021-2022
PAPM01801P,35,0,2,2021-2022
TPTL01402L,102,6,6,2021-2022
TPTL01452E,81,0,3,2021-2022
ENPC00701V,437,2,23,2021-2022
ENPM01701N,289,3,16,2021-2022
ENRF017518,72,0,3,2021-2022
ENRI01701T,173,12,10,2021-2022
ENTD01701C,181,6,10,2021-2022
ENTF007014,658,13,32,2021-2022
PATD01801D,61,2,4,2021-2022
AGTD090506,66,0,3,2021-2022
AGTF023019,117,12,6,2021-2022
RGPS006016,134,10,8,2021-2022
RGTD006012,95,5,5,2021-2022
RGTH00601Q,391,2,18,2021-2022
RGTH006504,96,0,3,2021-2022
SRTF00904Q,16,0,1,2021-2022
PATD01102Q,230,7,13,2021-2022
PATD011503,0,0,0,2021-2022
AGRI02403A,139,11,5,2021-2022
RGRH020049,0,0,0,2021-2022
RGPC018019,421,0,18,2021-2022
RGPM01801D,832,12,38,2021-2022
RGPM01850T,0,0,0,2021-2022
RGPS01000R,1058,1,47,2021-2022
RGRC01301T,386,27,19,2021-2022
RGRC01302V,34,0,3,2021-2022
RGRC013506,0,0,0,2021-2022
RGRI01301E,217,2,12,2021-2022
RGSL013016,178,12,10,2021-2022
RGTD03000T,705,2,33,2021-2022
RGTF01301B,738,4,34,2021-2022
RGTL01801P,138,7,7,2021-2022
CTPS042012,162,8,8,2021-2022
CTTD04202V,169,10,8,2021-2022
CTTF042014,189,14,10,2021-2022
CTPC00601Q,132,4,8,2021-2022
CTRA00601C,59,4,3,2021-2022
CTRH00601L,284,12,15,2021-2022
CTRH006501,0,0,0,2021-2022
CTTD00601P,125,6,7,2021-2022
AGPM01801R,474,10,22,2021-2022
ENTD00801N,255,6,15,2021-2022
AGPM02101L,720,10,34,2021-2022
AGRI02101R,222,18,11,2021-2022
AGTD02101B,296,8,14,2021-2022
AGTD02151R,85,0,4,2021-2022
CLPS00701N,181,4,10,2021-2022
CLRI00701V,171,31,10,2021-2022
CLRI007507,74,0,2,2021-2022
CTRC01301E,97,9,6,2021-2022
CTRC01350V,9,0,1,2021-2022
CTTD01301T,161,7,10,2021-2022
CTTD013517,0,0,0,2021-2022
CTTH01301G,369,5,18,2021-2022
SRRA02102Q,187,19,10,2021-2022
SRRA021525,88,0,3,2021-2022
SRPS01701D,336,6,18,2021-2022
SRRC017012,255,16,14,2021-2022
SRRC01751B,0,0,0,2021-2022
SRTF01701G,141,0,6,2021-2022
SRTF017533,0,0,0,2021-2022
TPPC00201C,97,2,5,2021-2022
TPTD00201B,125,10,7,2021-2022
TPTD00251R,63,0,3,2021-2022
CLRA00902X,42,10,3,2021-2022
CLSD014017,226,24,13,2021-2022
CLTD090016,25,0,1,2021-2022
PARA008501,71,0,3,2021-2022
PATA00801C,19,0,1,2021-2022
CTPS10000Q,1215,21,56,2021-2022
CTTD05101L,651,33,36,2021-2022
CTTD051512,174,0,7,2021-2022
CTTF05101V,585,32,31,2021-2022
PAPS008013,9,0,1,2021-2022
PARA00801L,170,13,9,2021-2022
CTRH004011,278,28,15,2021-2022
MEPC003013,683,6,33,2021-2022
MEPS003016,504,1,24,2021-2022
METD110001,274,17,17,2021-2022
METD11050A,58,0,3,2021-2022
METF040006,783,13,38,2021-2022
CTSL01002C,462,38,26,2021-2022
RGTD03002X,79,5,5,2021-2022
TPRI00201R,86,9,5,2021-2022
MEPC032013,212,2,12,2021-2022
MEPS032016,379,1,17,2021-2022
METD00101A,84,5,7,2021-2022
AGPM017011,46,1,2,2021-2022
AGPM01752B,44,0,2,2021-2022
AGPC008012,435,2,20,2021-2022
AGPS02000P,1152,6,50,2021-2022
AGRC01602N,132,3,5,2021-2022
AGRH01201E,519,21,24,2021-2022
AGRH01250V,85,0,4,2021-2022
AGRH01601T,15,0,3,2021-2022
AGRI016019,507,19,24,2021-2022
AGSD00801G,163,16,10,2021-2022
AGTA012016,202,0,12,2021-2022
AGTD01601X,332,9,20,2021-2022
AGTD016519,39,0,2,2021-2022
RGPS00801T,413,5,20,2021-2022
RGRH00801G,50,3,3,2021-2022
RGTA008017,86,5,5,2021-2022
RGTD00801N,373,11,17,2021-2022
RGTD008502,46,0,3,2021-2022
CTPS170002,911,20,44,2021-2022
SRRH003019,83,0,9,2021-2022
SRPC08000R,913,13,45,2021-2022
SRPM01000P,982,14,50,2021-2022
SRPS02901Q,1141,3,50,2021-2022
SRPS14000A,1218,13,57,2021-2022
SRRA004011,85,15,5,2021-2022
SRRA004022,0,0,0,2021-2022
SRRA004509,0,0,0,2021-2022
SRRC00401X,130,5,7,2021-2022
SRRC004519,100,0,4,2021-2022
SRRH02901D,14,5,1,2021-2022
SRRH040007,723,59,38,2021-2022
SRRH04050L,68,1,2,2021-2022
SRRI022016,168,22,10,2021-2022
SRRI02251G,33,0,1,2021-2022
SRSD02201B,377,35,22,2021-2022
SRTD004017,311,10,15,2021-2022
SRTD02401C,401,7,22,2021-2022
SRTD02451T,0,0,0,2021-2022
SRTE022018,63,10,5,2021-2022
SRTF01000Q,1006,9,52,2021-2022
SRTF010505,130,1,8,2021-2022
SRTH024016,449,5,26,2021-2022
SRTH02451G,0,0,0,2021-2022
SRTL029012,40,6,3,2021-2022
SRTL02951B,57,0,3,2021-2022
SRRA00352G,48,0,2,2021-2022
MEPS02901A,442,4,22,2021-2022
MESD016503,0,0,0,2021-2022
METD03301T,631,43,34,2021-2022
METD033506,0,0,0,2021-2022
PAPC001015,402,18,20,2021-2022
PAPC00150D,25,0,1,2021-2022
PAPS24000G,804,3,32,2021-2022
PARI01301Q,52,3,4,2021-2022
PARI01302R,6,0,1,2021-2022
PATD01301A,263,12,16,2021-2022
PATD01350P,30,0,1,2021-2022
PAPS08004C,94,15,5,2021-2022
METD110012,43,4,4,2021-2022
TPRC022019,493,31,24,2021-2022
TPRC02250N,25,0,1,2021-2022
TPPC02901C,476,1,20,2021-2022
TPPM03101L,1144,20,52,2021-2022
TPPS02901G,1030,2,44,2021-2022
TPRI028011,219,17,10,2021-2022
TPRI028022,23,0,2,2021-2022
TPRI028509,21,0,1,2021-2022
TPSL03101C,304,17,12,2021-2022
TPTD02801G,253,5,11,2021-2022
TPTD028511,0,0,0,2021-2022
TPTF018017,718,8,31,2021-2022
TPTH01801P,442,3,18,2021-2022
TPTL028012,259,19,14,2021-2022
ENPS013019,185,2,10,2021-2022
ENRH013013,78,4,5,2021-2022
ENTD013015,72,4,5,2021-2022
PAPC100016,25,0,2,2021-2022
TPTD02203P,70,19,5,2021-2022
ENRC00201B,78,15,5,2021-2022
ENRC00250Q,0,0,0,2021-2022
PAPS01102X,29,1,3,2021-2022
PATL011015,19,0,2,2021-2022
PATL01150D,64,0,2,2021-2022
RGPM014016,681,10,31,2021-2022
RGPS014015,639,2,31,2021-2022
RGRC012012,443,39,21,2021-2022
RGRI01201P,332,14,15,2021-2022
RGTA017012,168,11,9,2021-2022
RGTA01750A,59,0,3,2021-2022
RGTD01701C,734,2,32,2021-2022
RGTD01751T,80,0,5,2021-2022
CTPC047023,76,1,5,2021-2022
CTTD20000C,87,13,5,2021-2022
CTTD20050T,50,0,2,2021-2022
