CODICESCUOLA,CONTESTOSENZADISTURBI,VICINANZADISCARICA,VICINANZAINDUSTRIEINQUINANTI,VICINANZAACQUEINQUINANTI,VICINANZAFONTIINQUINAMENTOATMOSFERICO,VICINANZAFONTIINQUINAMENTOACUSTICO,VICINANZASORGENTIRADIAZIONIELETTROMAGNETICHE,VICINANZACIMITERI,VICINANZAALTRIDISTURBI,CRITICITASPECIFICHEAREASCOLASTICA,ASSENZAPIAZZOLAADEGUATA,AREANONRECINTATA,PRESENZAGRANDETRAFFICO,PRESENZATRANSITOFERROVIARIO,PREESISTENZEINDUSTRIALIABBANDONATE,ZONAURBANADEGRADATA,VICINANZAINDUSTRIEARISCHIO,ANNORILEVAZIONE
CTPS10000Q,NO,NO,NO,NO,NO,NO,NO,NO,NO,NO,NO,NO,NO,NO,NO,NO,NO,2022-2023
PAPC01000V,NO,NO,NO,NO,NO,NO,NO,NO,NO,NO,NO,NO,NO,NO,NO,NO,NO,2022-2023
CTPS01000D,NO,NO,NO,NO,NO,NO,NO,NO,NO,NO,NO,NO,NO,NO,NO,NO,NO,2022-2023
CLTF020005,NO,NO,NO,NO,NO,NO,NO,NO,NO,NO,NO,NO,NO,NO,NO,NO,NO,2022-2023
METF040006,NO,NO,NO,NO,NO,NO,NO,NO,NO,NO,NO,SI,NO,NO,NO,NO,NO,2022-2023
PAPS24000G,NO,NO,NO,NO,NO,NO,NO,NO,NO,NO,SI,NO,SI,NO,NO,NO,NO,2022-2023
METF03000G,NO,NO,NO,NO,NO,NO,NO,NO,NO,NO,NO,SI,NO,NO,NO,NO,NO,2022-2023
PAMM041005,NO,NO,NO,NO,NO,NO,NO,NO,NO,NO,NO,NO,NO,NO,NO,NO,NO,2022-2023
PAPS100008,NO,NO,NO,NO,NO,NO,NO,NO,NO,NO,SI,SI,NO,NO,NO,NO,NO,2022-2023
MEPM010009,NO,NO,NO,NO,NO,NO,NO,NO,NO,NO,NO,NO,NO,NO,NO,NO,NO,2022-2023
PAMM03600N,NO,NO,NO,NO,NO,NO,NO,NO,NO,NO,NO,NO,NO,NO,NO,NO,NO,2022-2023
CLPS03000N,NO,NO,NO,NO,NO,NO,NO,NO,NO,NO,NO,NO,NO,NO,NO,NO,NO,2022-2023
PAMM02300G,NO,NO,NO,NO,NO,NO,NO,NO,NO,NO,NO,NO,NO,NO,NO,NO,NO,2022-2023
AGPC060002,NO,NO,NO,NO,NO,NO,NO,NO,NO,NO,NO,NO,NO,NO,NO,NO,NO,2022-2023
CLMM029001,NO,NO,NO,NO,NO,NO,NO,NO,NO,NO,NO,NO,NO,NO,NO,NO,NO,2022-2023
RGRH020005,NO,NO,NO,NO,NO,NO,NO,NO,NO,NO,NO,NO,NO,NO,NO,NO,NO,2022-2023
SRPM01000P,NO,NO,NO,NO,NO,NO,NO,NO,NO,NO,NO,NO,NO,NO,NO,NO,NO,2022-2023
PASL01000V,NO,NO,NO,NO,NO,NO,NO,NO,NO,NO,SI,SI,NO,NO,NO,NO,NO,2022-2023
PATF030009,NO,NO,NO,NO,NO,NO,NO,NO,NO,NO,NO,NO,NO,NO,NO,NO,NO,2022-2023
CLPC02000X,NO,NO,NO,NO,NO,NO,NO,NO,NO,NO,NO,NO,NO,NO,NO,NO,NO,2022-2023
RGTD03000T,NO,NO,NO,NO,NO,NO,NO,NO,NO,NO,NO,NO,NO,NO,NO,NO,NO,2022-2023
CTRH03000C,NO,NO,NO,NO,NO,NO,NO,NO,NO,NO,NO,NO,NO,NO,NO,NO,NO,2022-2023
TPTD03000E,NO,NO,NO,NO,NO,NO,NO,NO,NO,NO,NO,NO,NO,NO,NO,NO,NO,2022-2023
RGPS01000R,NO,NO,NO,NO,NO,NO,NO,NO,NO,NO,NO,NO,NO,NO,NO,NO,NO,2022-2023
TPMM044004,NO,NO,NO,NO,NO,NO,NO,NO,NO,NO,NO,NO,NO,NO,NO,NO,NO,2022-2023
TPMM05400P,NO,NO,NO,NO,NO,NO,NO,NO,NO,NO,NO,NO,NO,NO,NO,NO,NO,2022-2023
MEPS010008,SI,NO,NO,NO,SI,SI,NO,NO,VICINANZA INCROCI E SVINCOLO AUTOSTRADALE,SI,SI,SI,SI,NO,SI,NO,NO,2022-2023
CTRH05000N,NO,NO,NO,NO,NO,NO,NO,NO,NO,NO,NO,NO,NO,NO,NO,SI,NO,2022-2023
METF020001,NO,NO,NO,NO,NO,NO,NO,NO,NO,NO,NO,NO,NO,NO,NO,NO,NO,2022-2023
CTMM00300T,NO,NO,NO,NO,NO,NO,NO,NO,NO,NO,NO,NO,NO,NO,NO,NO,NO,2022-2023
AGPM02000Q,NO,NO,NO,NO,NO,NO,NO,NO,NO,NO,NO,NO,NO,NO,NO,NO,NO,2022-2023
SRPC08000R,SI,NO,NO,NO,NO,NO,SI,NO,NO,NO,NO,NO,NO,NO,NO,NO,NO,2022-2023
PAMM00700N,NO,NO,NO,NO,NO,NO,NO,NO,NO,NO,NO,NO,NO,NO,NO,NO,NO,2022-2023
TPTD02000X,NO,NO,NO,NO,NO,NO,NO,NO,NO,NO,NO,NO,NO,NO,NO,NO,NO,2022-2023
CTMM099008,NO,NO,NO,NO,NO,NO,NO,NO,NO,NO,NO,NO,NO,NO,NO,NO,NO,2022-2023
AGPC010001,NO,NO,NO,NO,NO,NO,NO,NO,NO,NO,NO,NO,NO,NO,NO,NO,NO,2022-2023
MEPS03000D,SI,NO,NO,NO,SI,SI,NO,NO,NO,SI,NO,SI,NO,NO,NO,NO,NO,2022-2023
CTPS040009,NO,NO,NO,NO,NO,NO,NO,NO,NO,NO,NO,NO,NO,NO,NO,NO,NO,2022-2023
CTMM06700R,NO,NO,NO,NO,SI,NO,NO,NO,NO,NO,NO,NO,NO,NO,NO,NO,NO,2022-2023
CTMM064009,NO,NO,NO,NO,NO,NO,NO,NO,NO,NO,NO,NO,NO,NO,NO,NO,NO,2022-2023
PAMM09900R,NO,NO,NO,NO,NO,NO,NO,NO,NO,NO,NO,NO,NO,NO,NO,NO,NO,2022-2023
CTMM029002,NO,NO,NO,NO,NO,NO,NO,NO,NO,NO,NO,NO,NO,NO,NO,NO,NO,2022-2023
METD08000A,SI,NO,NO,NO,NO,SI,NO,NO,NO,NO,NO,NO,NO,NO,NO,NO,NO,2022-2023
CTSL01000A,NO,NO,NO,NO,NO,NO,NO,NO,NO,NO,NO,NO,NO,NO,NO,NO,NO,2022-2023
METD05000E,NO,NO,NO,NO,NO,NO,NO,NO,NO,NO,NO,NO,NO,NO,NO,NO,NO,2022-2023
METD110001,NO,NO,NO,NO,NO,NO,NO,NO,NO,NO,NO,NO,NO,NO,NO,NO,NO,2022-2023
PAPC09000Q,NO,NO,NO,NO,NO,NO,NO,NO,NO,NO,NO,NO,NO,NO,NO,NO,NO,2022-2023
SRPS14000A,SI,NO,NO,NO,NO,NO,SI,NO,NO,SI,SI,SI,SI,NO,NO,NO,NO,2022-2023
TPRH040003,SI,NO,NO,NO,SI,NO,NO,NO,NO,NO,NO,NO,NO,NO,NO,NO,NO,2022-2023
PAPC04000P,NO,NO,NO,NO,NO,NO,NO,NO,NO,NO,SI,NO,NO,NO,NO,NO,NO,2022-2023
SRPC070006,NO,NO,NO,NO,NO,NO,NO,NO,NO,NO,NO,NO,NO,NO,NO,NO,NO,2022-2023
SRPS150001,NO,NO,NO,NO,NO,NO,NO,NO,NO,NO,NO,NO,NO,NO,NO,NO,NO,2022-2023
TPPM050001,NO,NO,NO,NO,NO,NO,NO,NO,NO,NO,NO,NO,NO,NO,NO,NO,NO,2022-2023
PARH02000A,NO,NO,NO,NO,NO,NO,NO,NO,NO,NO,SI,SI,NO,NO,NO,NO,NO,2022-2023
CTTD160007,NO,NO,NO,NO,NO,NO,NO,NO,NO,NO,NO,NO,NO,NO,NO,NO,NO,2022-2023
CTMM106006,NO,NO,NO,NO,NO,NO,NO,NO,NO,NO,NO,NO,NO,NO,NO,NO,NO,2022-2023
PAPM07000P,NO,NO,NO,NO,NO,NO,NO,NO,NO,NO,NO,NO,NO,NO,NO,NO,NO,2022-2023
AGTD09000R,NO,NO,NO,NO,NO,NO,NO,NO,NO,NO,NO,NO,NO,NO,NO,NO,NO,2022-2023
CLTD090005,NO,NO,NO,NO,NO,NO,NO,NO,NO,NO,NO,NO,NO,NO,NO,NO,NO,2022-2023
PAMM06400T,NO,NO,NO,NO,NO,NO,NO,NO,NO,NO,SI,NO,SI,NO,NO,NO,NO,2022-2023
CTSD02000E,NO,NO,NO,NO,NO,NO,NO,NO,NO,NO,NO,NO,NO,NO,NO,NO,NO,2022-2023
CTMM10300P,NO,NO,NO,NO,NO,NO,NO,NO,NO,NO,NO,NO,NO,NO,NO,NO,NO,2022-2023
PAMM05000X,SI,NO,NO,NO,SI,SI,NO,NO,NO,SI,SI,NO,NO,NO,NO,NO,NO,2022-2023
PAPM04000V,NO,NO,NO,NO,NO,NO,NO,NO,NO,NO,NO,NO,NO,NO,NO,SI,NO,2022-2023
CTTD18000C,NO,NO,NO,NO,NO,NO,NO,NO,NO,NO,NO,NO,NO,NO,NO,NO,NO,2022-2023
PAPM12000E,NO,NO,NO,NO,NO,NO,NO,NO,NO,NO,NO,NO,NO,NO,NO,NO,NO,2022-2023
AGRH02000C,NO,NO,NO,NO,NO,NO,NO,NO,NO,NO,NO,NO,NO,NO,NO,NO,NO,2022-2023
PAPM100009,NO,NO,NO,NO,NO,NO,NO,NO,NO,NO,NO,NO,NO,NO,NO,NO,NO,2022-2023
CTRH010007,SI,NO,NO,NO,NO,NO,NO,NO,NO,SI,NO,NO,NO,NO,NO,NO,NO,2022-2023
MEPS22000L,NO,NO,NO,NO,NO,NO,NO,NO,NO,NO,NO,NO,NO,NO,NO,NO,NO,2022-2023
PAPC030004,NO,NO,NO,NO,NO,NO,NO,NO,NO,NO,NO,NO,NO,NO,NO,NO,NO,2022-2023
CTMM119008,SI,NO,NO,NO,NO,NO,SI,NO,NO,SI,NO,NO,NO,NO,NO,NO,NO,2022-2023
TPPS10000Q,NO,NO,NO,NO,NO,NO,NO,NO,NO,NO,NO,NO,NO,NO,NO,NO,NO,2022-2023
MEPC060006,SI,NO,NO,NO,NO,SI,NO,NO,NO,SI,SI,NO,NO,NO,NO,NO,NO,2022-2023
CTPC040006,SI,NO,NO,NO,NO,NO,SI,NO,NO,NO,NO,NO,NO,NO,NO,NO,NO,2022-2023
CTTF01000G,NO,NO,NO,NO,NO,NO,NO,NO,NO,NO,NO,NO,NO,NO,NO,NO,NO,2022-2023
AGPM03000A,NO,NO,NO,NO,NO,NO,NO,NO,NO,NO,NO,NO,NO,NO,NO,NO,NO,2022-2023
PAMM138006,NO,NO,NO,NO,NO,NO,NO,NO,NO,NO,NO,NO,NO,NO,NO,NO,NO,2022-2023
CTPC01000A,NO,NO,NO,NO,NO,NO,NO,NO,NO,NO,NO,NO,NO,NO,NO,NO,NO,2022-2023
CTPC070002,NO,NO,NO,NO,NO,NO,NO,NO,NO,NO,NO,NO,NO,NO,NO,SI,NO,2022-2023
CTPM020005,SI,NO,NO,NO,NO,SI,NO,NO,NO,SI,SI,NO,NO,NO,NO,SI,NO,2022-2023
CTPS03000P,NO,NO,NO,NO,NO,NO,NO,NO,NO,NO,NO,NO,NO,NO,NO,NO,NO,2022-2023
PAMM12600X,NO,NO,NO,NO,NO,NO,NO,NO,NO,SI,NO,NO,NO,NO,NO,NO,NO,2022-2023
PAPS080008,SI,NO,NO,NO,NO,NO,NO,SI,NO,SI,NO,NO,NO,NO,NO,NO,NO,2022-2023
AGMM054009,NO,NO,NO,NO,NO,NO,NO,NO,NO,NO,NO,NO,NO,NO,NO,NO,NO,2022-2023
PAPS060003,NO,NO,NO,NO,NO,NO,NO,NO,NO,NO,NO,NO,NO,NO,NO,NO,NO,2022-2023
CTPM01000E,NO,NO,NO,NO,NO,NO,NO,NO,NO,NO,NO,NO,NO,NO,NO,NO,NO,2022-2023
PAPC11000Q,NO,NO,NO,NO,NO,NO,NO,NO,NO,NO,NO,NO,NO,NO,NO,NO,NO,2022-2023
CTPS06000E,NO,NO,NO,NO,NO,NO,NO,NO,NO,NO,NO,NO,NO,NO,NO,NO,NO,2022-2023
SRTF01000Q,NO,NO,NO,NO,NO,NO,NO,NO,NO,NO,NO,NO,NO,NO,NO,NO,NO,2022-2023
AGPS02000P,NO,NO,NO,NO,NO,NO,NO,NO,NO,NO,NO,NO,NO,NO,NO,NO,NO,2022-2023
PAPM010003,NO,NO,NO,NO,NO,NO,NO,NO,NO,NO,NO,NO,NO,NO,NO,NO,NO,2022-2023
PATD09000P,SI,NO,NO,NO,SI,NO,NO,NO,NO,SI,NO,NO,NO,NO,NO,NO,NO,2022-2023
METH01000T,NO,NO,NO,NO,NO,NO,NO,NO,NO,NO,NO,NO,NO,NO,NO,NO,NO,2022-2023
PAPM02000N,NO,NO,NO,NO,NO,NO,NO,NO,NO,NO,NO,NO,NO,NO,NO,NO,NO,2022-2023
PAPS05000C,NO,NO,NO,NO,NO,NO,NO,NO,NO,NO,NO,NO,NO,NO,NO,NO,NO,2022-2023
CTTB01000A,SI,NO,NO,NO,NO,NO,NO,NO,NO,SI,NO,NO,NO,NO,NO,NO,NO,2022-2023
CTTF03000R,NO,NO,NO,NO,NO,NO,NO,NO,NO,NO,NO,NO,NO,NO,NO,NO,NO,2022-2023
SRRH040007,NO,NO,NO,NO,NO,NO,NO,NO,NO,NO,NO,NO,NO,NO,NO,NO,NO,2022-2023
PATN01000Q,NO,NO,NO,NO,NO,NO,NO,NO,NO,NO,NO,NO,NO,NO,NO,NO,NO,2022-2023
PATD050008,NO,NO,NO,NO,NO,NO,NO,NO,NO,NO,NO,NO,NO,NO,NO,NO,NO,2022-2023
AGPS030009,NO,NO,NO,NO,NO,NO,NO,NO,NO,NO,NO,NO,NO,NO,NO,NO,NO,2022-2023
CTPS020004,SI,NO,NO,NO,NO,SI,NO,NO,NO,SI,SI,NO,NO,SI,NO,NO,NO,2022-2023
PAPS02000L,NO,NO,NO,NO,NO,NO,NO,NO,NO,NO,NO,NO,NO,NO,NO,NO,NO,2022-2023
CTPM03000Q,SI,NO,NO,NO,NO,NO,NO,NO,Traffico veicolare,SI,NO,NO,SI,NO,NO,NO,NO,2022-2023
CLRI01000N,NO,NO,NO,NO,NO,NO,NO,NO,NO,NO,NO,NO,NO,NO,NO,NO,NO,2022-2023
CTPM04000A,NO,NO,NO,NO,NO,NO,NO,NO,NO,NO,NO,NO,NO,NO,NO,NO,NO,2022-2023
ENPS01000R,SI,NO,NO,NO,NO,SI,NO,NO,NO,NO,NO,NO,NO,NO,NO,NO,NO,2022-2023
PAPS010002,NO,NO,NO,NO,NO,NO,NO,NO,NO,NO,NO,NO,NO,NO,NO,NO,NO,2022-2023
CTPS170002,NO,NO,NO,NO,NO,NO,NO,NO,NO,NO,NO,NO,NO,NO,NO,NO,NO,2022-2023
PARH01000Q,NO,NO,NO,NO,NO,NO,NO,NO,NO,NO,NO,NO,NO,NO,NO,NO,NO,2022-2023
